date,open,high,low,close,adj close,volume,volatility
2020-12-07,50,51.78,49.78,51.58,51.58,42893000.0,0.038774718883288095
2020-12-08,51.79,52.15,50.56,51.27,51.27,42290000.0,0.031012287887653523
2020-12-09,51.05,51.45,49.13,49.36,49.36,41788000.0,0.047001620745542955
2020-12-10,49.46,50.38,49.29,50.11,50.11,30182000.0,0.021752145280383224
2020-12-11,49.5,50.33,49.49,50.32,50.32,32109000.0,0.01669316375198721
2020-12-14,50.54,52.42,50.12,52.24,52.24,57704000.0,0.04402756508422673
2020-12-15,51.85,52.47,51.36,51.98,51.98,33949000.0,0.02135436706425547
2020-12-16,52.01,52.74,51.77,52.48,52.48,36824000.0,0.01848323170731705
2020-12-17,52.9,53.55,52.64,53.29,53.29,31934000.0,0.017076374554325327
2020-12-18,53.32,53.64,52.6,53.44,53.44,45027000.0,0.01946107784431136
2020-12-21,53.01,53.26,52.12,52.89,52.89,38940000.0,0.021554169030062405
2020-12-22,52.77,53.04,52.05,52.73,52.73,19066000.0,0.018774890953916216
2020-12-23,52.48,52.63,51.42,51.45,51.45,23932000.0,0.02351797862001945
2020-12-24,51.51,51.94,51.22,51.4,51.4,11440000.0,0.014007782101167293
2020-12-28,51.64,52.37,50.71,51.91,51.91,28919000.0,0.031978424195723304
2020-12-29,51.99,53.65,51.55,53.09,53.09,40224000.0,0.039555471840271264
2020-12-30,53.01,53.33,52.37,52.46,52.46,18763000.0,0.01829965688143349
2020-12-31,52.55,54.55,52.31,54.07,54.07,53923000.0,0.041427778805252356
2021-01-04,53.9,54.08,51.51,52.29,52.29,44444000.0,0.04914897685982024
2021-01-05,52.15,52.68,51.59,52.08,52.08,31339000.0,0.020929339477726506
2021-01-06,51.2,51.31,49.95,50.05,50.05,53462000.0,0.027172827172827162
2021-01-07,50.83,51.64,50.64,50.89,50.89,36864000.0,0.019650225977598742
2021-01-08,51.13,51.32,50.45,51.04,51.04,29739000.0,0.017045454545454496
2021-01-11,50.78,51.07,49.79,49.91,49.91,38062000.0,0.025646163093568448
2021-01-12,50,50.11,48.57,49.42,49.42,59904000.0,0.031161473087818678
2021-01-13,49.55,51.24,49.3,50.78,50.78,50321000.0,0.03820401732965744
2021-01-14,50.74,51.45,49.96,50.09,50.09,41774000.0,0.029746456378518703
2021-01-15,50,50.63,49.51,49.8,49.8,58958000.0,0.02248995983935752
2021-01-19,50.1,50.92,49.35,50.18,50.18,123158000.0,0.03128736548425668
2021-01-20,56.54,59.33,55.69,58.63,58.63,326375000.0,0.062084257206208436
2021-01-21,58.24,58.88,57.04,57.98,57.98,118021000.0,0.03173508106243538
2021-01-22,58.21,58.4,56.44,56.52,56.52,75508000.0,0.03467799009200284
2021-01-25,56.7,56.97,54.87,55.68,55.68,72073000.0,0.03771551724137934
2021-01-26,55.47,56.8,55.41,56.19,56.19,50238000.0,0.024737497775404887
2021-01-27,55.07,55.64,51.57,52.33,52.33,86703000.0,0.07777565450028665
2021-01-28,53.59,55.31,53.07,53.86,53.86,59690000.0,0.04158930560712963
2021-01-29,53.8,54.1,53.02,53.24,53.24,43253000.0,0.020285499624342566
2021-02-01,53.68,54.51,53.17,53.9,53.9,35475000.0,0.024860853432281935
2021-02-02,54.2,55.55,53.89,54.82,54.82,37676000.0,0.03028091937249173
2021-02-03,55.02,55.05,53.82,53.94,53.94,31723000.0,0.022803114571746327
2021-02-04,53.98,55.95,53.75,55.22,55.22,51645000.0,0.03984063745019926
2021-02-05,55.23,55.44,54.55,55.08,55.08,23762000.0,0.016158315177923033
2021-02-08,55.5,55.5,54.37,54.79,54.79,27917000.0,0.02062420149662352
2021-02-09,54.6,56.6,54.3,55.91,55.91,37035000.0,0.04113754247898416
2021-02-10,56.25,56.67,55.35,56.36,56.36,39913000.0,0.023420865862313702
2021-02-11,56.44,56.59,55.42,55.76,55.76,27306000.0,0.02098278335724537
2021-02-12,55.69,56.13,55.08,55.65,55.65,21971000.0,0.018867924528301962
2021-02-16,55.73,56.36,55.27,55.73,55.73,26241000.0,0.019558586039834853
2021-02-17,55.1,55.53,54.3,55.13,55.13,20696000.0,0.02231090150553245
2021-02-18,54.9,55.0,53.82,54.82,54.82,24562000.0,0.021524990879241146
2021-02-19,54.8,54.9,53.88,54.02,54.02,28415000.0,0.018881895594224287
2021-02-22,53.5,54.18,53.08,53.38,53.38,30786000.0,0.02060696890221059
2021-02-23,52.5,54.85,51.83,54.62,54.62,41365000.0,0.05529110216038087
2021-02-24,53.98,55.69,53.91,55.34,55.34,32450000.0,0.032164799421756436
2021-02-25,55.03,55.65,53.58,54.67,54.67,42529000.0,0.03786354490579843
2021-02-26,54.65,55.31,53.8,53.88,53.88,37556000.0,0.02802524127691175
2021-03-01,54.56,55.21,54.2,55.06,55.06,30414000.0,0.018343625136215
2021-03-02,55.33,55.7,54.6,54.78,54.78,30422000.0,0.020080321285140586
2021-03-03,54.59,54.8,51.78,52.07,52.07,53624000.0,0.05799884770501241
2021-03-04,52.15,53.15,50.77,51.13,51.13,50348000.0,0.04654801486407188
2021-03-05,51.2,51.78,49.88,51.64,51.64,50700000.0,0.03679318357862119
2021-03-08,51.45,51.88,49.28,49.33,49.33,39818000.0,0.05270626393675251
2021-03-09,50.73,51.31,50.38,50.64,50.64,34700000.0,0.018364928909952602
2021-03-10,51.35,51.9,50.42,50.45,50.45,37715000.0,0.029335976214073276
2021-03-11,51.22,53.02,51.07,52.31,52.31,47145000.0,0.037277767157331346
2021-03-12,51.25,52.65,50.66,51.8,51.8,39817000.0,0.03841698841698846
2021-03-15,51.63,52.07,50.8,52.03,52.03,34843000.0,0.024408994810686202
2021-03-16,52.45,53.34,52.32,52.4,52.4,32389000.0,0.01946564885496189
2021-03-17,52.2,52.84,51.43,52.44,52.44,28174000.0,0.026887871853546984
2021-03-18,51.64,51.79,50.38,50.48,50.48,40945000.0,0.027931854199682978
2021-03-19,50.5,51.32,50.16,51.22,51.22,43864000.0,0.02264740335806333
2021-03-22,50.91,52.93,50.91,52.31,52.31,33606000.0,0.038615943414261195
2021-03-23,52.99,54.31,52.94,53.51,53.51,55835000.0,0.025602691085778444
2021-03-24,53.38,53.44,52.0,52.08,52.08,41022000.0,0.027649769585253413
2021-03-25,51.7,51.85,49.7,50.29,50.29,49268000.0,0.0427520381785643
2021-03-26,50.28,50.87,49.67,50.81,50.81,34678000.0,0.023617398149970395
2021-03-29,50.57,51.8,50.44,51.4,51.4,33300000.0,0.026459143968871585
2021-03-30,51.05,51.44,50.69,51.34,51.34,24181000.0,0.01460849240358395
2021-03-31,51.57,52.81,51.54,52.17,52.17,35031000.0,0.02434349242859887
2021-04-01,52.99,54.05,52.7,53.94,53.94,39386000.0,0.025027808676306905
2021-04-05,54,54.28,52.92,54.07,54.07,33559000.0,0.025152579988903263
2021-04-06,54.48,55.42,54.33,54.45,54.45,34742000.0,0.020018365472910988
2021-04-07,54.35,54.96,54.15,54.7,54.7,21513000.0,0.014808043875685599
2021-04-08,55.11,55.69,54.76,55.46,55.46,43098000.0,0.016768842408943378
2021-04-09,55.27,55.69,54.71,55.53,55.53,28940000.0,0.01764811813434174
2021-04-12,55.1,55.8,54.96,55.28,55.28,29441000.0,0.015195369030390671
2021-04-13,55.7,55.97,55.03,55.37,55.37,27203000.0,0.01697670218529886
2021-04-14,55.49,55.49,53.85,54.0,54.0,37403000.0,0.03037037037037038
2021-04-15,54.42,55.35,54.27,54.92,54.92,31391000.0,0.019664967225054595
2021-04-16,55.05,55.2,53.95,54.65,54.65,32091000.0,0.022872827081427266
2021-04-19,54.69,55.64,54.55,55.44,55.44,42887000.0,0.019660894660894723
2021-04-20,55.44,56.36,54.63,54.96,54.96,112576000.0,0.03147743813682673
2021-04-21,50.8,51.55,50.36,50.89,50.89,228974000.0,0.02338376891334246
2021-04-22,51.38,51.4,50.06,50.88,50.88,90611000.0,0.02633647798742131
2021-04-23,50.9,50.97,50.07,50.56,50.56,73077000.0,0.017800632911392375
2021-04-26,50.68,51.05,50.3,51.03,51.03,43888000.0,0.014697236919459141
2021-04-27,51.26,51.3,50.46,50.56,50.56,37613000.0,0.016613924050632837
2021-04-28,50.52,50.84,50.33,50.65,50.65,31930000.0,0.010069101678183714
2021-04-29,50.76,50.93,49.9,50.9,50.9,51278000.0,0.020235756385068786
2021-04-30,50.5,51.46,50.5,51.35,51.35,44132000.0,0.018695228821811117
2021-05-03,51.26,51.9,50.52,50.91,50.91,40919000.0,0.027106658809664026
2021-05-04,51.08,51.16,49.68,50.32,50.32,43495000.0,0.02941176470588229
2021-05-05,50.5,50.78,49.46,49.61,49.61,31294000.0,0.02660753880266076
2021-05-06,49.6,49.96,49.14,49.96,49.96,37837000.0,0.016413130504403527
2021-05-07,50.46,50.85,50.11,50.38,50.38,31328000.0,0.014688368400158832
2021-05-10,50.2,50.31,48.61,48.67,48.67,51316000.0,0.03492911444421621
2021-05-11,47.97,49.8,47.86,49.51,49.51,44010000.0,0.039184003231670324
2021-05-12,48.68,49.35,48.27,48.5,48.5,41215000.0,0.022268041237113366
2021-05-13,48.91,49.08,48.27,48.67,48.67,27125000.0,0.016642695705773477
2021-05-14,48.79,49.49,48.66,49.34,49.34,28825000.0,0.016822051074179275
2021-05-17,48.56,49.27,48.28,48.89,48.89,27052000.0,0.020249539783186787
2021-05-18,48.84,49.35,48.62,48.63,48.63,23505000.0,0.015011309891013859
2021-05-19,48.16,48.86,47.85,48.77,48.77,33499000.0,0.020709452532294403
2021-05-20,48.96,50.27,48.9,50.17,50.17,37212000.0,0.027307155670719643
2021-05-21,50.31,50.54,49.73,49.79,49.79,33229000.0,0.016268326973287856
2021-05-24,50.1,50.42,49.95,50.29,50.29,24126000.0,0.009345794392523341
2021-05-25,50.6,50.64,49.92,50.13,50.13,26995000.0,0.014362657091561915
2021-05-26,50.23,50.41,50.05,50.24,50.24,24653000.0,0.007165605095541389
2021-05-27,50.18,50.51,49.85,50.39,50.39,32538000.0,0.013097836872395248
2021-05-28,50.44,51.18,50.25,50.28,50.28,29103000.0,0.018496420047732692
2021-06-01,50.4,50.54,49.77,49.91,49.91,24826000.0,0.015427769985974676
2021-06-02,49.98,50.32,49.58,49.92,49.92,22690000.0,0.014823717948717988
2021-06-03,49.52,49.67,48.72,48.94,48.94,38874000.0,0.019411524315488413
2021-06-04,49.2,50.19,49.1,49.47,49.47,31605000.0,0.02203355569031729
2021-06-07,49.29,49.67,49.06,49.47,49.47,27919000.0,0.012330705478067505
2021-06-08,49.7,49.88,48.94,49.24,49.24,23740000.0,0.01909017059301391
2021-06-09,49.45,49.61,48.47,48.58,48.58,30550000.0,0.02346644709757103
2021-06-10,48.72,49.02,48.21,48.73,48.73,43829000.0,0.016622203981120506
2021-06-11,49,49.14,48.78,48.88,48.88,31240000.0,0.007364975450081821
2021-06-14,48.97,50.35,48.69,49.99,49.99,44002000.0,0.03320664132826573
2021-06-15,50.12,50.12,49.04,49.19,49.19,31041000.0,0.021955682049196956
2021-06-16,49.5,49.65,48.63,49.24,49.24,35332000.0,0.020714865962631925
2021-06-17,49.03,50.18,49.01,49.83,49.83,31983000.0,0.023479831426851328
2021-06-18,49.64,50.45,49.52,50.08,50.08,51976000.0,0.018570287539936097
2021-06-21,50.16,50.21,49.23,49.7,49.7,52773000.0,0.019718309859155007
2021-06-22,49.85,51.35,49.58,50.88,50.88,58093000.0,0.034787735849056665
2021-06-23,50.85,51.66,50.82,51.27,51.27,39448000.0,0.016383850204798055
2021-06-24,51.8,52.1,51.44,51.81,51.81,33612000.0,0.012738853503184783
2021-06-25,52.88,53.31,52.5,52.71,52.71,52991000.0,0.01536710301650545
2021-06-28,52.81,53.39,52.46,53.3,53.3,28202000.0,0.017448405253283297
2021-06-29,53.35,53.61,52.86,53.35,53.35,23146000.0,0.014058106841611996
2021-06-30,53.41,53.44,52.68,52.82,52.82,27734000.0,0.014388489208633056
2021-07-01,52.57,53.7,52.57,53.35,53.35,28054000.0,0.021180880974695455
2021-07-02,53.55,53.85,52.94,53.4,53.4,19755000.0,0.017041198501872728
2021-07-06,53.3,54.29,53.3,54.16,54.16,27751000.0,0.018279172821270347
2021-07-07,54.42,54.46,53.17,53.6,53.6,27225000.0,0.024067164179104462
2021-07-08,53.09,53.55,52.91,53.08,53.08,32690000.0,0.012057272042200463
2021-07-09,53.1,53.83,52.86,53.6,53.6,27772000.0,0.018097014925373113
2021-07-12,54.03,54.06,53.29,53.73,53.73,17807000.0,0.014330913828401324
2021-07-13,53.58,54.53,53.58,54.07,54.07,27516000.0,0.01756981690401337
2021-07-14,54.1,55.41,54.1,54.79,54.79,46595000.0,0.02390947253148376
2021-07-15,55.4,55.75,53.82,54.29,54.29,57139000.0,0.03554982501381469
2021-07-16,54.18,54.41,52.71,53.03,53.03,34421000.0,0.03205732604186302
2021-07-19,52.6,53.49,52.22,53.23,53.23,38858000.0,0.02385872628217177
2021-07-20,52.61,53.66,52.03,53.1,53.1,69304000.0,0.030696798493408575
2021-07-21,52.61,53.1,50.56,51.36,51.36,119068000.0,0.04945482866043612
2021-07-22,51.02,51.37,50.7,51.18,51.18,43281000.0,0.01309105119187172
2021-07-23,51.22,51.74,50.47,51.54,51.54,38205000.0,0.02464105549088093
2021-07-26,51.44,52.11,50.9,51.65,51.65,22545000.0,0.023426911907066812
2021-07-27,51.81,52.19,51.21,51.89,51.89,27590000.0,0.01888610522258618
2021-07-28,52.18,52.45,51.7,51.93,51.93,23905000.0,0.014442518775274409
2021-07-29,52,52.08,51.38,51.42,51.42,17360000.0,0.01361338000777899
2021-07-30,51.27,51.98,51.1,51.76,51.76,25371000.0,0.01700154559505401
2021-08-02,51.9,51.99,51.05,51.51,51.51,20966000.0,0.018248883711900695
2021-08-03,51.44,51.56,50.54,51.08,51.08,25794000.0,0.01996867658574791
2021-08-04,51.3,51.8,51.04,51.74,51.74,20394000.0,0.014688828759180478
2021-08-05,51.71,52.54,51.4,52.49,52.49,25567000.0,0.021718422556677473
2021-08-06,52.4,52.68,51.94,52.06,52.06,19198000.0,0.014214368036880561
2021-08-09,52.12,52.27,51.8,52.0,52.0,13678000.0,0.009038461538461653
2021-08-10,52,52.08,51.3,51.58,51.58,19605000.0,0.01512214036448238
2021-08-11,51.7,51.96,50.98,51.24,51.24,16739000.0,0.019125683060109366
2021-08-12,51.19,51.3,50.72,51.07,51.07,16857000.0,0.01135696103387504
2021-08-13,51.26,52.14,51.15,51.59,51.59,21777000.0,0.01918976545842221
2021-08-16,51.52,52.34,51.23,51.79,51.79,20328000.0,0.02143270901718491
2021-08-17,51.55,52.08,51.42,51.89,51.89,23098000.0,0.012719213721333524
2021-08-18,52,52.64,51.87,52.19,52.19,25820000.0,0.014753784249856355
2021-08-19,52.27,54.84,52.19,54.37,54.37,74973000.0,0.048740114033474446
2021-08-20,54.51,55.14,53.91,54.69,54.69,37764000.0,0.022490400438837155
2021-08-23,54.6,55.56,54.37,55.33,55.33,26020000.0,0.021507319718055393
2021-08-24,55.15,55.53,54.93,55.34,55.34,21095000.0,0.010842067220816794
2021-08-25,55.02,55.28,54.54,54.76,54.76,20656000.0,0.01351351351351355
2021-08-26,54.62,55.26,54.59,55.01,55.01,15955000.0,0.012179603708416554
2021-08-27,55.16,56.42,54.92,55.89,55.89,32526000.0,0.026838432635534086
2021-08-30,55.72,56.72,55.65,56.62,56.62,24348000.0,0.01889791593076652
2021-08-31,56.61,56.95,56.16,56.92,56.92,24319000.0,0.013879128601546139
2021-09-01,56.9,59.1,56.9,58.21,58.21,56262000.0,0.03779419343755373
2021-09-02,58.37,59.88,58.37,58.85,58.85,61799000.0,0.02565845369583696
2021-09-03,58.58,59.19,58.31,59.05,59.05,26812000.0,0.014902624894157418
2021-09-07,59.47,61.38,59.4,60.67,60.67,58214000.0,0.032635569474204776
2021-09-08,60.38,61.56,59.57,60.6,60.6,54245000.0,0.03283828382838287
2021-09-09,60.65,60.94,59.65,59.75,59.75,29542000.0,0.021589958158995802
2021-09-10,59.82,60.94,59.37,59.87,59.87,39508000.0,0.026223484215800907
2021-09-13,59.86,59.86,58.28,58.93,58.93,30629000.0,0.02681147123706089
2021-09-14,58.49,58.73,57.56,57.78,57.78,34570000.0,0.020249221183800528
2021-09-15,57.82,58.46,57.54,58.29,58.29,27556000.0,0.015783153199519673
2021-09-16,58.43,58.75,57.77,58.65,58.65,18320000.0,0.016709292412617167
2021-09-17,58.78,59.03,58.08,58.94,58.94,41451000.0,0.016118086189345144
2021-09-20,58.68,59.15,56.81,57.54,57.54,37322000.0,0.04066736183524498
2021-09-21,57.83,58.19,56.94,57.31,57.31,22509000.0,0.02181120223346711
2021-09-22,57.97,59.56,57.97,59.06,59.06,40218000.0,0.026921774466644146
2021-09-23,59.08,59.93,58.91,59.33,59.33,25262000.0,0.01719197707736395
2021-09-24,59.25,59.3,58.36,59.24,59.24,21262000.0,0.01586765698852123
2021-09-27,58.79,59.36,57.69,59.26,59.26,25047000.0,0.028180897738778295
2021-09-28,58.9,59.95,58.02,58.38,58.38,44311000.0,0.033059266872216504
2021-09-29,58.9,60.99,58.8,59.91,59.91,62210000.0,0.036554832248372644
2021-09-30,60.81,61.9,60.81,61.03,61.03,66126000.0,0.017860068818613736
2021-10-01,60.42,61.5,59.75,61.31,61.31,40908000.0,0.02854346762355244
2021-10-04,61.34,62.61,59.47,60.33,60.33,49959000.0,0.05204707442400134
2021-10-05,60.69,64.04,60.69,63.48,63.48,95343000.0,0.052772526780088355
2021-10-06,62.82,63.99,62.64,63.91,63.91,45804000.0,0.02112345485839464
2021-10-07,64.22,64.68,63.04,63.19,63.19,35569000.0,0.025953473650894253
2021-10-08,63.42,64.38,63.09,63.27,63.27,32721000.0,0.020388809862493945
2021-10-11,63.32,63.94,62.68,62.7,62.7,28625000.0,0.020095693779904274
2021-10-12,63.3,63.77,62.2,62.49,62.49,32273000.0,0.025124019843174913
2021-10-13,63.22,63.22,62.21,62.98,62.98,24203000.0,0.016036837091140014
2021-10-14,63.22,63.69,62.68,63.38,63.38,26717000.0,0.01593562638056166
2021-10-15,63.8,63.94,62.52,62.83,62.83,41169000.0,0.0226006684704758
2021-10-18,63.21,63.84,62.06,63.8,63.8,46691000.0,0.027899686520376193
2021-10-19,63.7,64.1,63.23,63.9,63.9,76331000.0,0.013615023474178364
2021-10-20,62.56,63.74,61.72,62.51,62.51,106220000.0,0.03231482962725969
2021-10-21,62.89,65.4,62.87,65.32,65.32,84371000.0,0.03873239436619731
2021-10-22,65.18,66.55,65.18,66.48,66.48,61860000.0,0.020607701564380118
2021-10-25,66.37,67.59,65.71,67.17,67.17,38335000.0,0.027988685425041085
2021-10-26,67.38,67.65,66.28,66.85,66.85,29048000.0,0.02049364248317135
2021-10-27,66.9,67.14,66.18,66.29,66.29,22769000.0,0.014481822295972148
2021-10-28,67.1,67.68,66.8,67.4,67.4,28594000.0,0.0130563798219586
2021-10-29,67.31,69.1,67.12,69.03,69.03,38253000.0,0.02868318122555396
2021-11-01,68.91,69.0,67.65,68.12,68.12,31109000.0,0.01981796829125065
2021-11-02,68.31,68.77,67.38,67.77,67.77,38886000.0,0.02051055039102849
2021-11-03,67.73,68.94,67.73,68.83,68.83,23349000.0,0.017579543803573933
2021-11-04,68.59,68.59,66.55,66.84,66.84,48650000.0,0.030520646319569213
2021-11-05,66.4,66.56,64.5,64.57,64.57,52835000.0,0.0319033606938207
2021-11-08,65.03,65.6,64.38,65.14,65.14,28875000.0,0.018728891618053405
2021-11-09,65.37,66.05,65.05,65.6,65.6,24156000.0,0.015243902439024392
2021-11-10,65.3,66.03,64.21,64.69,64.69,24058000.0,0.02813417838924111
2021-11-11,65.02,66.58,64.97,65.76,65.76,28683000.0,0.024482968369829675
2021-11-12,66,68.33,65.38,68.26,68.26,41984000.0,0.04321711104600062
2021-11-15,68.12,68.53,67.15,67.93,67.93,28722000.0,0.02031503017812447
2021-11-16,67.83,68.84,67.69,68.74,68.74,20774000.0,0.01672970613907486
2021-11-17,69,70.1,68.61,69.17,69.17,27328000.0,0.021541130547925325
2021-11-18,69.16,69.17,67.97,68.2,68.2,20129000.0,0.017595307917888603
2021-11-19,69.24,69.42,67.5,67.88,67.88,26137000.0,0.028285209192693013
2021-11-22,67.6,67.95,65.65,65.92,65.92,27644000.0,0.03489077669902908
2021-11-23,65.82,66.64,64.61,65.41,65.41,23202000.0,0.03103500993731847
2021-11-24,65.8,66.14,65.11,65.83,65.83,18673000.0,0.015646361841105898
2021-11-26,67.5,67.64,66.07,66.56,66.56,28725000.0,0.023587740384615495
2021-11-29,66.32,66.8,65.83,66.38,66.38,25294000.0,0.01461283519132267
2021-11-30,66.82,67.54,64.0,64.19,64.19,56089000.0,0.05514877706807924
2021-12-01,64.95,65.45,61.71,61.78,61.78,38828000.0,0.06053739074134027
2021-12-02,61.71,62.54,61.29,61.65,61.65,33311000.0,0.020275750202757504
2021-12-03,62.28,62.55,59.4,60.21,60.21,48293000.0,0.052316890881913276
2021-12-06,60.6,61.73,60.1,61.27,61.27,30757000.0,0.026603558021870335
2021-12-07,61.98,62.89,61.14,62.56,62.56,31252000.0,0.02797314578005115
2021-12-08,63,63.25,62.32,62.81,62.81,22203000.0,0.01480655946505333
2021-12-09,62.76,63.02,61.04,61.1,61.1,23763000.0,0.03240589198036013
2021-12-10,61.68,61.77,60.59,61.17,61.17,27488000.0,0.019290501880006534
2021-12-13,61.2,61.26,59.95,60.46,60.46,25179000.0,0.02166721799536876
2021-12-14,59.87,60.23,58.81,59.8,59.8,29845000.0,0.023745819397993223
2021-12-15,59.82,60.57,58.45,60.5,60.5,28662000.0,0.03504132231404954
2021-12-16,59.71,60.28,58.8,59.11,59.11,31432000.0,0.02503806462527498
2021-12-17,59.16,59.33,58.17,58.67,58.67,43869000.0,0.019771603886142772
2021-12-20,58.64,60.29,58.43,59.37,59.37,33584000.0,0.03132895401718039
2021-12-21,59.75,60.78,59.39,60.49,60.49,23194000.0,0.022979004794180864
2021-12-22,60.34,61.48,60.26,61.42,61.42,23357000.0,0.019863236730706592
2021-12-23,61.64,61.69,60.76,61.41,61.41,16211000.0,0.015144113336590128
2021-12-27,61.5,61.5,60.92,61.31,61.31,20615000.0,0.009460120698091637
2021-12-28,61.49,61.84,60.97,61.07,61.07,18828000.0,0.01424594727362051
2021-12-29,61.07,61.4,60.47,61.05,61.05,12872000.0,0.01523341523341523
2021-12-30,61.3,62.06,61.12,61.21,61.21,16251000.0,0.015356967815716466
2021-12-31,61,61.41,60.21,60.24,60.24,19959000.0,0.019920318725099532
2022-01-03,60.56,61.0,59.06,59.74,59.74,30675000.0,0.032474054235018375
2022-01-04,59.99,60.04,58.16,59.12,59.12,43931000.0,0.031799729364005457
2022-01-05,59.2,59.28,56.69,56.75,56.75,41487000.0,0.04563876651982385
2022-01-06,55.43,56.34,54.2,55.33,55.33,57118000.0,0.03867702873667089
2022-01-07,54.95,55.34,53.82,54.11,54.11,33829000.0,0.028090925891702145
2022-01-10,53.85,54.37,52.63,53.99,53.99,44861000.0,0.032228190405630575
2022-01-11,53.7,54.39,53.01,54.08,54.08,30778000.0,0.025517751479289988
2022-01-12,54.43,54.43,53.2,53.72,53.72,37874000.0,0.02289650037230076
2022-01-13,53.71,54.08,51.83,51.92,51.92,44751000.0,0.043335901386748844
2022-01-14,51.76,53.84,51.19,52.57,52.57,78611000.0,0.050408978504850786
2022-01-18,52.01,52.17,50.87,51.08,51.08,48391000.0,0.02545027407987479
2022-01-19,51.5,52.32,51.05,51.59,51.59,43535000.0,0.024617173870905274
2022-01-20,51.78,52.66,50.69,50.83,50.83,126590000.0,0.03875663977965766
2022-01-21,40.04,40.92,38.0,39.75,39.75,589043000.0,0.0734591194968554
2022-01-24,38.39,38.73,35.15,38.72,38.72,323460000.0,0.09245867768595037
2022-01-25,37.91,38.77,36.51,36.64,36.64,151458000.0,0.06168122270742372
2022-01-26,37.83,38.27,35.66,35.97,35.97,126840000.0,0.07256046705588008
2022-01-27,38.21,39.48,37.81,38.67,38.67,243247000.0,0.04318593224721993
2022-01-28,38.68,38.7,37.21,38.44,38.44,119666000.0,0.03876170655567123
2022-01-31,40.2,42.77,39.82,42.71,42.71,200475000.0,0.069070475298525
2022-02-01,43.3,45.85,42.55,45.71,45.71,225681000.0,0.07219426821264503
2022-02-02,44.83,45.2,42.65,42.95,42.95,143460000.0,0.059371362048894157
2022-02-03,42.14,42.93,40.43,40.56,40.56,99052000.0,0.061637080867850094
2022-02-04,40.73,41.28,39.66,41.02,41.02,77898000.0,0.03949293027791332
2022-02-07,41.02,41.24,39.35,40.21,40.21,82329000.0,0.04700323302661031
2022-02-08,39.82,40.66,39.58,40.35,40.35,68185000.0,0.026765799256505532
2022-02-09,40.87,41.3,39.88,41.29,41.29,77382000.0,0.034390893678856733
2022-02-10,40.21,40.8,39.64,40.63,40.63,84529000.0,0.028550332266797845
2022-02-11,40.53,41.16,38.76,39.13,39.13,75589000.0,0.06133401482238687
2022-02-14,38.76,40.94,38.69,39.66,39.66,72022000.0,0.05673222390317701
2022-02-15,40.38,40.92,40.1,40.75,40.75,53923000.0,0.020122699386503073
2022-02-16,40.15,40.16,39.04,39.81,39.81,52777000.0,0.02813363476513432
2022-02-17,39.42,39.91,38.57,38.67,38.67,46692000.0,0.03465218515645193
2022-02-18,39.25,40.29,38.9,39.13,39.13,68017000.0,0.035522616917965766
2022-02-22,38.9,39.24,37.3,37.74,37.74,66975000.0,0.0514043455219927
2022-02-23,38.27,38.6,36.67,36.75,36.75,46143000.0,0.05251700680272108
2022-02-24,35.51,39.07,35.47,39.0,39.0,70687000.0,0.09230769230769234
2022-02-25,38.66,39.13,37.56,39.08,39.08,48416000.0,0.040174002047082914
2022-02-28,38.73,39.78,38.21,39.45,39.45,50350000.0,0.03979721166032953
2022-03-01,39.16,39.5,38.37,38.62,38.62,32904000.0,0.02925945106162617
2022-03-02,38.89,38.92,37.52,38.0,38.0,53568000.0,0.03684210526315786
2022-03-03,38.6,38.61,36.47,36.81,36.81,60768000.0,0.058136375984786756
2022-03-04,36.8,37.48,35.72,36.17,36.17,53255000.0,0.04865910975946912
2022-03-07,36.04,36.2,35.02,35.03,35.03,57084000.0,0.03368541250356836
2022-03-08,34.98,35.89,34.07,34.18,34.18,64287000.0,0.053247513165593924
2022-03-09,35.77,36.41,35.05,35.88,35.88,65202000.0,0.03790412486064658
2022-03-10,35.62,36.7,35.33,35.68,35.68,48078000.0,0.03839686098654721
2022-03-11,36.12,36.34,34.0,34.03,34.03,48199000.0,0.06876285630326193
2022-03-14,33.87,34.13,32.98,33.1,33.1,59078000.0,0.0347432024169186
2022-03-15,33.51,34.54,33.24,34.38,34.38,54606000.0,0.0378126817917393
2022-03-16,34.82,36.0,34.31,35.75,35.75,69825000.0,0.04727272727272721
2022-03-17,35.97,37.33,35.49,37.14,37.14,58183000.0,0.04954227248249855
2022-03-18,37.2,38.18,36.85,38.06,38.06,83248000.0,0.03494482396216496
2022-03-21,37.8,38.18,36.89,37.46,37.46,48665000.0,0.0344367325146823
2022-03-22,37.11,38.67,36.68,38.29,38.29,42428000.0,0.051971794202141604
2022-03-23,37.98,38.25,37.45,37.45,37.45,37290000.0,0.021361815754339042
2022-03-24,37.98,37.98,36.89,37.57,37.57,38885000.0,0.029012509981368013
2022-03-25,37.71,37.76,36.64,37.38,37.38,35745000.0,0.02996254681647933
2022-03-28,37.52,38.03,36.67,37.85,37.85,43234000.0,0.03593130779392337
2022-03-29,38.44,39.65,38.03,39.18,39.18,58807000.0,0.04134762633996931
2022-03-30,38.96,39.27,37.86,38.15,38.15,40233000.0,0.036959370904325134
2022-03-31,38.36,38.4,37.36,37.46,37.46,41347000.0,0.027762947143619838
2022-04-01,37.68,38.09,36.85,37.35,37.35,46442000.0,0.033199464524765784
2022-04-04,37.35,39.6,37.31,39.15,39.15,70018000.0,0.058492975734355024
2022-04-05,38.93,39.0,37.73,38.01,38.01,42345000.0,0.033412259931597035
2022-04-06,37.42,37.65,36.27,36.83,36.83,43549000.0,0.03746945424925321
2022-04-07,36.5,36.85,35.37,36.22,36.22,49489000.0,0.040861402540033245
2022-04-08,36.2,36.25,35.49,35.59,35.59,40252000.0,0.02135431300927221
2022-04-11,35,35.48,34.52,34.8,34.8,37771000.0,0.027586206896551547
2022-04-12,35.59,35.94,34.22,34.41,34.41,38243000.0,0.04998546934030802
2022-04-13,34.39,35.2,34.12,35.04,35.04,32310000.0,0.030821917808219332
2022-04-14,35.1,35.2,33.99,34.11,34.11,43438000.0,0.035473468191146315
2022-04-18,34,34.24,33.16,33.79,33.79,51050000.0,0.031962118970109664
2022-04-19,33.32,35.17,33.32,34.86,34.86,209069000.0,0.0530694205393001
2022-04-20,24.52,24.87,21.25,22.62,22.62,1333875000.0,0.1600353669319187
2022-04-21,22,22.77,21.15,21.82,21.82,535016000.0,0.07424381301558208
2022-04-22,22.02,22.63,21.0,21.55,21.55,375151000.0,0.07563805104408348
2022-04-25,21.38,21.67,20.45,20.99,20.99,281520000.0,0.05812291567413066
2022-04-26,20.88,20.92,19.83,19.84,19.84,203181000.0,0.05493951612903243
2022-04-27,19.4,20.02,18.78,18.85,18.85,222984000.0,0.06578249336870018
2022-04-28,19.16,20.15,18.56,19.95,19.95,213632000.0,0.07969924812030074
2022-04-29,19.87,20.47,19.0,19.04,19.04,163919000.0,0.07720588235294112
2022-05-02,19.17,20.02,19.0,19.95,19.95,145916000.0,0.05112781954887216
2022-05-03,19.83,20.32,19.48,19.99,19.99,118394000.0,0.04202101050525262
2022-05-04,19.76,20.44,19.1,20.4,20.4,122188000.0,0.06568627450980392
2022-05-05,20.05,20.07,18.6,18.83,18.83,139713000.0,0.07806691449814121
2022-05-06,18.67,18.72,17.58,18.1,18.1,171855000.0,0.06298342541436466
2022-05-09,17.77,18.32,17.23,17.31,17.31,140313000.0,0.06296938186019642
2022-05-10,17.6,18.19,17.06,17.77,17.77,138839000.0,0.06359032076533498
2022-05-11,17.61,18.09,16.56,16.64,16.64,126655000.0,0.09194711538461545
2022-05-12,16.4,17.76,16.27,17.43,17.43,176621000.0,0.08548479632816994
2022-05-13,17.72,18.78,17.6,18.76,18.76,131363000.0,0.06289978678038377
2022-05-16,19.33,19.59,18.57,18.65,18.65,161450000.0,0.054691689008042874
2022-05-17,18.92,19.14,18.52,19.06,19.06,98767000.0,0.03252885624344182
2022-05-18,18.67,18.77,17.63,17.72,17.72,96656000.0,0.06433408577878108
2022-05-19,17.81,18.63,17.57,18.35,18.35,104485000.0,0.0577656675749318
2022-05-20,18.59,19.02,17.98,18.64,18.64,104294000.0,0.05579399141630897
2022-05-23,18.61,18.77,17.79,18.74,18.74,96020000.0,0.05229455709711849
2022-05-24,18.2,18.4,17.72,18.03,18.03,77064000.0,0.03771491957848029
2022-05-25,18.03,18.89,18.02,18.78,18.78,85221000.0,0.046325878594249255
2022-05-26,18.65,19.23,18.31,19.14,19.14,80499000.0,0.04806687565308264
2022-05-27,19.32,19.52,19.04,19.52,19.52,85860000.0,0.024590163934426253
2022-05-31,19.62,20.0,19.08,19.74,19.74,113985000.0,0.04660587639311053
2022-06-01,19.87,20.27,19.17,19.29,19.29,84162000.0,0.05702436495593561
2022-06-02,19.2,20.55,19.17,20.51,20.51,96231000.0,0.06728425158459282
2022-06-03,20.01,20.3,19.81,19.9,19.9,71918000.0,0.02462311557788955
2022-06-06,20.21,20.39,19.54,19.71,19.71,53720000.0,0.043125317097919905
2022-06-07,19.49,19.96,19.3,19.86,19.86,48395000.0,0.03323262839879155
2022-06-08,19.8,20.74,19.76,20.28,20.28,72441000.0,0.04832347140039432
2022-06-09,20.07,20.17,19.25,19.28,19.28,69490000.0,0.04771784232365154
2022-06-10,18.26,18.59,18.08,18.29,18.29,130656000.0,0.027884089666484504
2022-06-13,17.71,17.91,16.9,16.97,16.97,102224000.0,0.05951679434295826
2022-06-14,16.98,17.21,16.43,16.75,16.75,115553000.0,0.046567164179104545
2022-06-15,16.93,18.39,16.85,18.01,18.01,123960000.0,0.08550805108273177
2022-06-16,17.4,17.63,17.16,17.33,17.33,82013000.0,0.027120600115406745
2022-06-17,17.36,17.97,17.33,17.55,17.55,121334000.0,0.0364672364672365
2022-06-21,17.76,17.86,16.98,17.09,17.09,121776000.0,0.0514921006436512
2022-06-22,17.08,18.28,17.02,17.89,17.89,119924000.0,0.07043040804918958
2022-06-23,18.05,18.28,17.59,18.17,18.17,95382000.0,0.03797468354430386
2022-06-24,18.35,19.12,18.18,19.08,19.08,124240000.0,0.049266247379455
2022-06-27,19.18,19.18,18.24,18.91,18.91,83639000.0,0.04970914859862513
2022-06-28,18.92,19.22,17.94,17.96,17.96,71854000.0,0.07126948775055665
2022-06-29,17.95,18.07,17.51,17.84,17.84,57668000.0,0.03139013452914791
2022-06-30,17.71,17.94,17.03,17.49,17.49,78947000.0,0.052029731275014306
2022-07-01,17.65,18.01,17.43,18.0,18.0,52016000.0,0.032222222222222326
2022-07-05,17.63,18.59,17.27,18.59,18.59,73343000.0,0.07100591715976333
2022-07-06,18.52,18.62,18.08,18.41,18.41,57534000.0,0.029331884845192977
2022-07-07,18.43,19.02,18.35,18.93,18.93,63345000.0,0.03539355520338078
2022-07-08,18.6,18.99,18.27,18.7,18.7,58357000.0,0.038502673796791384
2022-07-11,18.47,18.5,17.69,17.73,17.73,60388000.0,0.04568527918781719
2022-07-12,17.73,17.98,17.34,17.44,17.44,68453000.0,0.03669724770642205
2022-07-13,17.05,17.92,16.97,17.66,17.66,127344000.0,0.053793884484711375
2022-07-14,17.56,17.75,17.18,17.48,17.48,90395000.0,0.032608695652173926
2022-07-15,17.56,18.92,17.46,18.91,18.91,163191000.0,0.07720782654680068
2022-07-18,19.25,19.97,18.98,19.09,19.09,163228000.0,0.05185961236249337
2022-07-19,19.3,20.2,18.84,20.16,20.16,281787000.0,0.06746031746031743
2022-07-20,20.82,21.7,20.01,21.64,21.64,539203000.0,0.07809611829944536
2022-07-21,21.43,22.43,21.15,22.39,22.39,234301000.0,0.05716837874050921
2022-07-22,22.24,22.93,21.84,22.04,22.04,178055000.0,0.04945553539019963
2022-07-25,22.13,22.52,21.64,21.85,21.85,109352000.0,0.04027459954233405
2022-07-26,21.67,21.94,21.16,21.39,21.39,95085000.0,0.036465638148667656
2022-07-27,21.65,22.78,21.46,22.67,22.67,105084000.0,0.058226731363034856
2022-07-28,22.46,22.81,21.97,22.6,22.6,89727000.0,0.037168141592920347
2022-07-29,22.33,23.08,22.24,22.49,22.49,90649000.0,0.037349933303690526
2022-08-01,22.31,22.84,22.1,22.62,22.62,55250000.0,0.032714412024756785
2022-08-02,22.28,22.82,22.09,22.14,22.14,63613000.0,0.03297199638663055
2022-08-03,22.48,22.81,22.24,22.67,22.67,64007000.0,0.025143361270401423
2022-08-04,22.77,23.21,22.5,22.99,22.99,71427000.0,0.030882992605480684
2022-08-05,22.53,22.86,22.29,22.68,22.68,55397000.0,0.025132275132275145
2022-08-08,22.75,24.2,22.64,23.35,23.35,109821000.0,0.06680942184154169
2022-08-09,23.16,23.22,22.47,22.99,22.99,61812000.0,0.032622879512831666
2022-08-10,23.7,24.45,23.66,24.41,24.41,92548000.0,0.03236378533387952
2022-08-11,24.47,25.16,24.15,24.27,24.27,87801000.0,0.04161516275236925
2022-08-12,24.48,24.94,24.38,24.93,24.93,60985000.0,0.022462896109105585
2022-08-15,24.81,25.2,24.75,24.91,24.91,65274000.0,0.018065034122842202
2022-08-16,24.72,24.93,24.4,24.57,24.57,51368000.0,0.021571021571021618
2022-08-17,24.12,24.42,23.76,24.11,24.11,56272000.0,0.02737453338863543
2022-08-18,24.2,24.65,23.93,24.52,24.52,52804000.0,0.029363784665579075
2022-08-19,24.09,24.33,23.57,24.12,24.12,75047000.0,0.031509121061359786
2022-08-22,23.25,23.35,22.46,22.65,22.65,86301000.0,0.039293598233995614
2022-08-23,22.65,22.99,22.43,22.45,22.45,52769000.0,0.024944320712694822
2022-08-24,22.57,23.41,22.39,22.96,22.96,54263000.0,0.04442508710801392
2022-08-25,23.02,23.42,22.9,23.4,23.4,37669000.0,0.02222222222222236
2022-08-26,23.36,23.69,22.32,22.33,22.33,53498000.0,0.06135244066278554
2022-08-29,22.19,22.99,22.15,22.46,22.46,71094000.0,0.03739982190560997
2022-08-30,22.67,22.98,21.87,22.07,22.07,57404000.0,0.050294517444494764
2022-08-31,22.7,23.39,22.34,22.36,22.36,86159000.0,0.04695885509839001
2022-09-01,22.07,23.04,21.95,23.0,23.0,72929000.0,0.04739130434782608
2022-09-02,23.1,23.39,22.5,22.61,22.61,81649000.0,0.03936311366651927
2022-09-06,22.56,22.68,21.47,21.84,21.84,74690000.0,0.05540293040293044
2022-09-07,22.02,22.93,21.83,22.9,22.9,81493000.0,0.04803493449781666
2022-09-08,22.42,22.87,22.13,22.74,22.74,67374000.0,0.032541776605101234
2022-09-09,22.96,23.48,22.96,23.36,23.36,66996000.0,0.02226027397260272
2022-09-12,23.36,23.95,23.34,23.65,23.65,60474000.0,0.025792811839323446
2022-09-13,22.65,22.77,21.77,21.81,21.81,80001000.0,0.04585052728106374
2022-09-14,21.98,22.8,21.58,22.41,22.41,82303000.0,0.054439982150825635
2022-09-15,23.05,24.23,22.91,23.54,23.54,194541000.0,0.0560747663551402
2022-09-16,23.12,24.14,22.78,24.01,24.01,189142000.0,0.05664306538942105
2022-09-19,24.5,24.52,23.58,24.36,24.36,179124000.0,0.03858784893267657
2022-09-20,24.04,25.05,23.97,24.28,24.28,160374000.0,0.044481054365733186
2022-09-21,24.27,24.83,23.67,23.69,23.69,91668000.0,0.048965808357956796
2022-09-22,23.53,24.05,23.17,23.7,23.7,100180000.0,0.03713080168776367
2022-09-23,23.51,23.65,22.14,22.64,22.64,112072000.0,0.06669611307420485
2022-09-26,22.56,23.27,22.3,22.41,22.41,82343000.0,0.04328424810352516
2022-09-27,22.86,23.06,22.07,22.44,22.44,77622000.0,0.044117647058823456
2022-09-28,22.97,24.67,22.74,24.52,24.52,175797000.0,0.07871125611745527
2022-09-29,24.16,24.7,23.57,23.97,23.97,189949000.0,0.047142261159783025
2022-09-30,23.7,24.24,23.33,23.54,23.54,118486000.0,0.038657604078164834
2022-10-03,23.78,24.15,23.28,23.9,23.9,86574000.0,0.03640167364016726
2022-10-04,24.48,24.58,23.33,24.07,24.07,139259000.0,0.0519318653926049
2022-10-05,23.88,24.16,22.74,23.67,23.67,108256000.0,0.05999155048584713
2022-10-06,23.67,24.43,23.39,24.0,24.0,91889000.0,0.0433333333333333
2022-10-07,23.58,23.73,22.43,22.48,22.48,98061000.0,0.05782918149466195
2022-10-10,22.56,23.38,22.42,23.0,23.0,99911000.0,0.041739130434782494
2022-10-11,22.6,23.04,21.37,21.43,21.43,152824000.0,0.07792813812412497
2022-10-12,21.43,22.37,21.26,22.09,22.09,129526000.0,0.05024898143956539
2022-10-13,21.27,23.45,21.17,23.25,23.25,175050000.0,0.09806451612903215
2022-10-14,23.78,23.88,22.95,23.0,23.0,152934000.0,0.04043478260869564
2022-10-17,23.44,24.99,23.44,24.51,24.51,210578000.0,0.06323949408404721
2022-10-18,24.98,25.04,23.77,24.09,24.09,257767000.0,0.052718970527189685
2022-10-19,26.5,27.93,26.27,27.24,27.24,466853000.0,0.06093979441997064
2022-10-20,27.28,27.84,26.64,26.82,26.82,172071000.0,0.04474272930648767
2022-10-21,26.9,29.08,26.57,28.96,28.96,248891000.0,0.08667127071823197
2022-10-24,29.02,29.05,28.04,28.25,28.25,133264000.0,0.03575221238938059
2022-10-25,28.69,29.76,28.56,29.1,29.1,151007000.0,0.04123711340206195
2022-10-26,29,30.56,28.8,29.86,29.86,157141000.0,0.0589417280643
2022-10-27,29.83,30.52,29.48,29.69,29.69,146126000.0,0.03502862916807003
2022-10-28,29.77,30.12,29.23,29.57,29.57,99605000.0,0.030098072370645945
2022-10-31,29.51,29.76,28.95,29.19,29.19,75051000.0,0.027749229188078185
2022-11-01,29.62,29.97,28.64,28.67,28.67,69164000.0,0.04638995465643524
2022-11-02,28.64,28.73,27.28,27.3,27.3,103676000.0,0.053113553113553084
2022-11-03,27.13,27.63,26.88,26.91,26.91,70574000.0,0.027870680044593088
2022-11-04,27.2,27.5,25.53,26.08,26.08,111247000.0,0.07553680981595089
2022-11-07,26.11,26.11,25.21,25.86,25.86,79270000.0,0.03480278422273776
2022-11-08,25.99,26.61,25.69,26.35,26.35,76838000.0,0.03491461100569253
2022-11-09,25.97,26.09,25.42,25.47,25.47,72660000.0,0.02630545740086369
2022-11-10,26.6,27.54,26.01,27.5,27.5,96673000.0,0.055636363636363546
2022-11-11,27.45,29.07,27.16,29.01,29.01,95738000.0,0.06583936573595311
2022-11-14,29,31.1,28.82,29.93,29.93,179782000.0,0.0761777480788507
2022-11-15,30.92,31.27,30.25,31.02,31.02,146269000.0,0.032882011605415845
2022-11-16,30.99,31.05,30.36,30.6,30.6,80386000.0,0.02254901960784318
2022-11-17,29.47,29.98,29.1,29.53,29.53,98382000.0,0.029800203183203488
2022-11-18,29.73,29.8,28.7,28.8,28.8,84001000.0,0.038194444444444496
2022-11-21,29.1,29.19,28.27,28.5,28.5,72565000.0,0.03228070175438603
2022-11-22,28.5,28.7,27.73,28.67,28.67,62451000.0,0.03383327520055803
2022-11-23,28.59,29.25,28.38,29.15,29.15,59190000.0,0.029845626072041203
2022-11-25,28.9,28.92,28.42,28.55,28.55,32360000.0,0.017513134851138354
2022-11-28,28.4,28.95,28.05,28.12,28.12,47034000.0,0.03200568990042669
2022-11-29,28.25,28.3,27.59,28.1,28.1,57869000.0,0.025266903914590775
2022-11-30,28.14,30.83,28.04,30.55,30.55,160701000.0,0.0913256955810147
2022-12-01,30.4,31.98,30.3,31.69,31.69,146649000.0,0.05301356894919532
2022-12-02,31.05,32.2,31.0,32.04,32.04,126906000.0,0.03745318352059934
2022-12-05,31.65,32.28,31.09,31.26,31.26,84230000.0,0.03806781829814463
2022-12-06,31.1,31.32,30.31,30.56,30.56,71954000.0,0.03304973821989534
2022-12-07,30.65,30.96,30.21,30.84,30.84,78216000.0,0.024319066147859923
2022-12-08,30.91,31.24,30.48,31.03,31.03,72053000.0,0.02449242668385427
2022-12-09,32.15,32.9,31.95,32.0,32.0,143640000.0,0.029687499999999978
2022-12-12,32,32.32,30.89,31.52,31.52,101486000.0,0.04536802030456852
2022-12-13,32.8,33.27,31.72,32.03,32.03,107564000.0,0.04839213237589773
2022-12-14,31.9,32.47,31.44,31.78,31.78,75433000.0,0.03241032095657639
2022-12-15,30.21,30.34,28.66,29.04,29.04,177246000.0,0.05785123966942148
2022-12-16,28.88,29.47,28.87,29.07,29.07,140800000.0,0.020639834881320877
2022-12-19,28.97,29.23,28.61,28.83,28.83,61637000.0,0.021505376344086058
2022-12-20,28.12,28.93,28.08,28.82,28.82,69181000.0,0.029493407356002824
2022-12-21,29,30.07,28.65,29.8,29.8,63762000.0,0.047651006711409455
2022-12-22,29.81,29.89,29.08,29.77,29.77,78562000.0,0.027208599261001085
2022-12-23,29.62,29.85,29.19,29.5,29.5,42511000.0,0.022372881355932208
2022-12-27,29.32,29.36,28.21,28.42,28.42,57781000.0,0.0404644616467276
2022-12-28,28.19,28.52,27.34,27.69,27.69,59644000.0,0.04261466233297218
2022-12-29,28.32,29.55,28.1,29.11,29.11,95885000.0,0.04981106149089658
2022-12-30,28.55,29.5,28.32,29.49,29.49,75669000.0,0.040013563919972864
2023-01-03,29.81,29.84,28.87,29.5,29.5,67640000.0,0.03288135593220335
2023-01-04,29.82,31.11,29.55,30.94,30.94,93451000.0,0.05042016806722685
2023-01-05,30.7,31.42,30.45,30.97,30.97,83284000.0,0.031320632870519935
2023-01-06,31.16,31.68,30.37,31.56,31.56,89598000.0,0.04150823827629908
2023-01-09,31.68,32.17,31.32,31.52,31.52,67666000.0,0.026967005076142178
2023-01-10,31.11,32.94,31.11,32.75,32.75,130723000.0,0.0558778625954198
2023-01-11,32.65,32.89,32.13,32.73,32.73,95797000.0,0.02322028719828897
2023-01-12,33.25,33.29,32.31,33.01,33.01,108562000.0,0.0296879733414116
2023-01-13,33,33.67,32.89,33.28,33.28,82868000.0,0.023437500000000035
2023-01-17,33.11,33.25,32.36,32.62,32.62,92470000.0,0.027283874923359923
2023-01-18,32.67,33.01,32.13,32.63,32.63,78141000.0,0.026969046889365474
2023-01-19,32.26,32.49,31.34,31.58,31.58,180082000.0,0.03641545281823946
2023-01-20,33.68,34.4,33.26,34.25,34.25,284303000.0,0.033284671532846734
2023-01-23,34.17,36.22,34.06,35.74,35.74,156469000.0,0.0604364857302741
2023-01-24,35.75,36.56,35.51,36.38,36.38,117965000.0,0.028862012094557566
2023-01-25,36.06,36.89,35.85,36.8,36.8,77669000.0,0.02826086956521737
2023-01-26,36.88,36.9,36.17,36.49,36.49,82568000.0,0.020005480953685855
2023-01-27,36.32,36.59,36.06,36.08,36.08,67035000.0,0.01468957871396899
2023-01-30,35.84,36.1,35.29,35.31,35.31,51276000.0,0.022939677145284686
2023-01-31,35,35.6,34.87,35.39,35.39,56607000.0,0.020627295846284373
2023-02-01,35.39,36.54,34.99,36.2,36.2,80052000.0,0.04281767955801097
2023-02-02,36.52,36.83,35.84,36.69,36.69,78570000.0,0.02698282910874884
2023-02-03,35.91,37.94,35.9,36.59,36.59,94020000.0,0.05575293796119155
2023-02-06,36.36,36.85,36.07,36.15,36.15,49949000.0,0.02157676348547721
2023-02-07,35.85,36.42,35.42,36.29,36.29,62894000.0,0.02755580049600441
2023-02-08,36,36.82,35.83,36.68,36.68,62532000.0,0.026990185387132007
2023-02-09,37.24,37.38,36.17,36.25,36.25,69011000.0,0.033379310344827606
2023-02-10,35.92,36.21,34.71,34.74,34.74,72911000.0,0.04317789291882556
2023-02-13,34.95,35.97,34.42,35.86,35.86,71344000.0,0.04322364751812597
2023-02-14,35.76,36.38,35.34,36.0,36.0,46248000.0,0.028888888888888867
2023-02-15,35.66,36.29,35.42,36.14,36.14,39660000.0,0.024073049252905297
2023-02-16,35.5,36.15,35.03,35.07,35.07,52157000.0,0.031936127744510906
2023-02-17,34.79,34.9,34.24,34.8,34.8,52947000.0,0.018965517241379213
2023-02-21,34.28,34.41,33.64,33.75,33.75,57103000.0,0.022814814814814698
2023-02-22,33.75,34.19,33.28,33.49,33.49,45462000.0,0.027172290235891208
2023-02-23,33.12,33.13,31.43,32.37,32.37,132387000.0,0.05251776336113695
2023-02-24,31.93,32.15,31.45,31.72,31.72,68307000.0,0.02206809583858762
2023-02-27,32.39,33.0,32.21,32.3,32.3,61426000.0,0.0244582043343653
2023-02-28,32.37,32.76,32.12,32.21,32.21,36761000.0,0.01986960571251166
2023-03-01,32.15,32.66,31.24,31.35,31.35,49113000.0,0.04529505582137155
2023-03-02,31.1,31.56,31.04,31.19,31.19,49110000.0,0.016672010259698607
2023-03-03,31.55,31.75,31.08,31.52,31.52,59533000.0,0.021256345177665028
2023-03-06,31.7,32.33,31.18,31.2,31.2,56607000.0,0.03685897435897431
2023-03-07,31.27,31.43,30.66,30.85,30.85,45531000.0,0.024959481361426242
2023-03-08,30.93,31.18,30.58,31.18,31.18,34795000.0,0.019243104554201456
2023-03-09,31.21,31.25,29.49,29.78,29.78,74434000.0,0.059100067159167276
2023-03-10,29.79,29.88,28.9,29.28,29.28,57593000.0,0.03346994535519127
2023-03-13,28.73,29.92,28.53,29.35,29.35,62924000.0,0.04735945485519593
2023-03-14,29.6,29.75,29.03,29.49,29.49,59567000.0,0.02441505595116985
2023-03-15,29.25,30.63,29.23,30.38,30.38,92153000.0,0.046082949308755713
2023-03-16,30.48,31.66,30.17,31.01,31.01,79037000.0,0.04804901644630759
2023-03-17,31.01,31.08,30.0,30.35,30.35,69188000.0,0.035584843492586435
2023-03-20,29.98,30.75,29.6,30.51,30.51,51134000.0,0.03769255981645357
2023-03-21,30.63,30.79,30.04,30.58,30.58,48863000.0,0.024525833878351864
2023-03-22,30.63,30.65,29.35,29.39,29.39,58080000.0,0.04423273222184407
2023-03-23,30.47,32.28,30.41,32.04,32.04,156533000.0,0.05836454431960053
2023-03-24,32.06,33.18,32.06,32.84,32.84,129917000.0,0.03410475030450662
2023-03-27,32.76,33.64,32.44,32.77,32.77,86258000.0,0.036618858712236885
2023-03-28,32.61,33.33,32.13,32.35,32.35,64894000.0,0.03709428129829971
2023-03-29,32.63,33.28,32.57,33.2,33.2,62873000.0,0.021385542168674724
2023-03-30,34.03,34.33,33.53,33.84,33.84,71315000.0,0.02364066193853419
2023-03-31,34.01,34.58,33.72,34.55,34.55,56102000.0,0.024891461649782908
2023-04-03,34.18,34.86,34.04,34.83,34.83,44137000.0,0.02354292276772898
2023-04-04,34.85,34.98,34.4,34.67,34.67,32981000.0,0.016729160657629024
2023-04-05,34.53,34.54,33.63,34.24,34.24,42055000.0,0.026577102803738217
2023-04-06,33.93,34.05,33.26,33.93,33.93,46605000.0,0.02328323017978188
2023-04-10,33.53,33.99,33.34,33.9,33.9,26579000.0,0.01917404129793506
2023-04-11,34.35,34.71,33.76,33.82,33.82,40448000.0,0.02808988764044952
2023-04-12,34.08,34.28,33.0,33.1,33.1,39654000.0,0.03867069486404837
2023-04-13,34,34.64,33.88,34.62,34.62,74064000.0,0.021952628538417045
2023-04-14,34.29,34.49,33.64,33.86,33.86,53505000.0,0.025103366804489116
2023-04-17,33.8,33.84,32.75,33.27,33.27,61360000.0,0.03276224827171636
2023-04-18,33.5,33.72,33.05,33.37,33.37,179445000.0,0.02007791429427635
2023-04-19,32.42,32.58,31.61,32.31,32.31,221283000.0,0.030021665119158117
2023-04-20,32.04,33.14,31.83,32.53,32.53,99478000.0,0.040270519520442735
2023-04-21,32.3,32.83,31.95,32.8,32.8,63480000.0,0.0268292682926829
2023-04-24,33.02,33.47,32.67,32.9,32.9,55866000.0,0.024316109422492314
2023-04-25,32.85,32.87,32.11,32.26,32.26,54266000.0,0.02355858648481085
2023-04-26,32.14,32.59,32.05,32.12,32.12,46232000.0,0.016811955168119747
2023-04-27,32.43,32.74,31.74,32.58,32.58,56188000.0,0.03069367710251699
2023-04-28,32.52,33.08,32.4,32.99,32.99,42284000.0,0.020612306759624117
2023-05-01,32.94,33.12,31.81,32.41,32.41,53415000.0,0.04041962357297127
2023-05-02,32.5,32.61,31.56,31.75,31.75,43186000.0,0.033070866141732304
2023-05-03,31.75,32.46,31.58,31.93,31.93,50641000.0,0.02756028813028508
2023-05-04,31.9,32.36,31.8,32.08,32.08,38797000.0,0.01745635910224435
2023-05-05,32.36,32.42,31.94,32.28,32.28,39906000.0,0.014869888475836444
2023-05-08,32.3,33.26,32.2,33.12,33.12,54886000.0,0.032004830917874254
2023-05-09,33.07,33.63,32.97,33.21,33.21,55449000.0,0.01987353206865413
2023-05-10,33.52,33.71,32.95,33.54,33.54,42899000.0,0.022659511031603997
2023-05-11,33.5,34.55,33.18,34.48,34.48,80335000.0,0.039733178654292274
2023-05-12,34.48,34.82,33.74,33.99,33.99,60824000.0,0.03177405119152687
2023-05-15,34.06,34.19,33.55,33.59,33.59,36530000.0,0.01905328966954452
2023-05-16,33.4,33.52,33.19,33.38,33.38,33322000.0,0.00988615937687254
2023-05-17,33.18,34.14,32.96,34.0,34.0,39588000.0,0.03470588235294117
2023-05-18,34.72,37.59,34.64,37.13,37.13,209252000.0,0.07945057904659313
2023-05-19,36.99,37.0,36.38,36.54,36.54,78597000.0,0.016967706622878966
2023-05-22,36.54,37.2,36.25,36.3,36.3,54064000.0,0.026170798898071706
2023-05-23,36.02,36.42,35.43,35.6,35.6,68661000.0,0.027808988764044997
2023-05-24,35.69,36.72,35.66,36.49,36.49,79733000.0,0.029049054535489238
2023-05-25,35.96,36.74,35.74,35.9,35.9,62631000.0,0.02785515320334262
2023-05-26,36.11,38.38,35.6,37.89,37.89,93604000.0,0.07337028239641069
2023-05-30,39.75,40.51,38.58,39.3,39.3,108650000.0,0.049109414758269715
2023-05-31,39.19,39.63,38.89,39.52,39.52,69880000.0,0.018724696356275352
2023-06-01,39.74,40.75,39.31,40.31,40.31,71601000.0,0.035723145621433826
2023-06-02,40.29,40.66,39.59,40.05,40.05,59024000.0,0.026716604244693964
2023-06-05,40.05,41.39,40.01,40.35,40.35,72474000.0,0.034200743494423855
2023-06-06,40.5,40.51,39.69,39.93,39.93,49915000.0,0.0205359378913098
2023-06-07,41.04,41.9,39.92,39.98,39.98,119324000.0,0.049524762381190524
2023-06-08,39.98,40.95,39.63,40.94,40.94,59911000.0,0.03224230581338545
2023-06-09,42.45,42.59,41.48,42.0,42.0,123630000.0,0.026428571428571586
2023-06-12,41.88,42.47,41.66,42.4,42.4,59595000.0,0.019103773584905715
2023-06-13,43,43.73,42.84,43.57,43.57,78205000.0,0.020426899242597968
2023-06-14,43.5,44.73,43.35,44.09,44.09,84131000.0,0.03129961442503958
2023-06-15,44.41,44.87,43.95,44.53,44.53,70999000.0,0.020660229059061185
2023-06-16,44.62,44.75,43.09,43.2,43.2,87537000.0,0.03842592592592584
2023-06-20,43.02,44.0,43.0,43.47,43.47,47560000.0,0.02300437083045779
2023-06-21,43.26,43.46,42.25,42.44,42.44,51464000.0,0.028510838831291255
2023-06-22,42.29,42.47,41.87,42.25,42.25,48695000.0,0.014201183431952697
2023-06-23,41.86,42.58,41.77,42.4,42.4,82986000.0,0.01910377358490555
2023-06-26,42.24,43.1,41.49,41.59,41.59,46400000.0,0.03871122866073574
2023-06-27,41.74,42.09,41.15,41.71,41.71,48181000.0,0.022536561975545547
2023-06-28,42.31,43.73,42.29,42.98,42.98,88113000.0,0.03350395532805951
2023-06-29,43.43,43.78,42.62,42.82,42.82,49323000.0,0.027090144792153284
2023-06-30,43.11,44.41,43.11,44.05,44.05,73464000.0,0.02951191827468779
2023-07-03,43.98,44.15,43.16,44.14,44.14,37332000.0,0.022428636157680152
2023-07-05,44.49,45.1,43.96,44.59,44.59,68695000.0,0.02556627046422966
2023-07-06,44,44.28,43.07,43.88,43.88,49388000.0,0.027575205104831375
2023-07-07,43.86,44.23,43.58,43.81,43.81,41651000.0,0.014836795252225487
2023-07-10,43.85,44.44,43.68,44.17,44.17,42517000.0,0.017206248585012407
2023-07-11,43.87,44.08,43.1,44.02,44.02,45692000.0,0.022262607905497427
2023-07-12,44.46,44.54,43.78,44.4,44.4,57317000.0,0.017117117117117074
2023-07-13,44.7,45.17,44.12,45.04,45.04,61575000.0,0.02331261101243349
2023-07-14,45.28,45.65,43.97,44.19,44.19,71959000.0,0.03801765105227427
2023-07-17,44.56,45.67,44.51,45.01,45.01,68917000.0,0.02577205065540999
2023-07-18,45.1,47.81,44.88,47.48,47.48,130418000.0,0.061710193765796124
2023-07-19,47.69,48.5,47.0,47.76,47.76,209965000.0,0.0314070351758794
2023-07-20,44.7,44.85,43.2,43.74,43.74,239897000.0,0.037722908093278426
2023-07-21,43.74,43.82,42.32,42.75,42.75,173400000.0,0.03508771929824561
2023-07-24,42.5,42.86,41.92,42.84,42.84,82644000.0,0.02194211017740424
2023-07-25,42.72,43.09,42.61,42.77,42.77,48598000.0,0.011222819733458124
2023-07-26,42.42,42.53,41.56,42.27,42.27,60092000.0,0.022947717057014403
2023-07-27,42.69,42.75,41.19,41.32,41.32,65945000.0,0.03775411423039696
2023-07-28,41.56,42.75,41.38,42.58,42.58,64242000.0,0.03217472992015025
2023-07-31,42.65,43.91,42.63,43.9,43.9,65876000.0,0.029157175398633123
2023-08-01,43.74,44.53,43.14,43.86,43.86,57115000.0,0.031691746466028285
2023-08-02,43.52,43.56,42.66,42.97,42.97,49122000.0,0.02094484524086585
2023-08-03,42.78,44.19,42.72,43.1,43.1,62439000.0,0.03410672853828303
2023-08-04,43.31,43.65,42.63,43.16,43.16,54418000.0,0.023632993512511493
2023-08-07,43.65,44.11,42.89,44.08,44.08,47813000.0,0.027676950998185092
2023-08-08,44.04,44.36,43.51,43.83,43.83,37672000.0,0.01939310974218575
2023-08-09,43.97,44.06,42.76,42.89,42.89,38466000.0,0.030310095593378508
2023-08-10,43.11,43.81,42.87,43.0,43.0,54676000.0,0.021860465116279183
2023-08-11,42.9,43.06,42.13,42.17,42.17,39279000.0,0.022053592601375377
2023-08-14,42.2,42.88,41.88,42.78,42.78,39660000.0,0.02337540906965872
2023-08-15,42.44,42.91,42.1,42.37,42.37,33680000.0,0.019117299976398282
2023-08-16,42.37,42.45,41.53,41.54,41.54,39670000.0,0.022147327876745348
2023-08-17,41.5,41.52,40.16,40.3,40.3,60315000.0,0.03374689826302746
2023-08-18,39.93,40.65,39.81,40.45,40.45,43122000.0,0.020766378244746506
2023-08-21,40.22,40.96,39.95,40.83,40.83,38616000.0,0.024736713201077593
2023-08-22,40.9,41.57,40.74,41.32,41.32,35997000.0,0.02008712487899318
2023-08-23,41.84,43.7,41.77,42.76,42.76,81747000.0,0.0451356407857811
2023-08-24,42.54,42.76,40.62,40.69,40.69,56878000.0,0.05259277463750309
2023-08-25,41.2,41.92,40.76,41.6,41.6,53909000.0,0.027884615384615473
2023-08-28,41.8,41.98,41.33,41.81,41.81,29286000.0,0.015546519971298698
2023-08-29,41.6,43.22,41.45,43.0,43.0,44867000.0,0.041162790697674326
2023-08-30,43.08,43.82,42.83,43.47,43.47,36254000.0,0.022774327122153257
2023-08-31,43.12,43.72,43.12,43.37,43.37,38030000.0,0.013834447774959683
2023-09-01,43.77,44.55,43.59,43.99,43.99,47934000.0,0.021823141623096017
2023-09-05,43.84,45.35,43.8,44.87,44.87,61559000.0,0.03454423891241374
2023-09-06,44.86,45.14,44.05,44.58,44.58,38623000.0,0.024450426200089803
2023-09-07,44.12,44.46,43.67,44.31,44.31,29227000.0,0.01782893252087563
2023-09-08,44.36,44.68,43.88,44.28,44.28,26975000.0,0.018066847335139954
2023-09-11,44.31,44.99,44.28,44.54,44.54,29138000.0,0.015940727436012592
2023-09-12,44.28,44.54,43.41,43.47,43.47,31240000.0,0.025994939038417358
2023-09-13,43.55,43.84,41.07,41.22,41.22,118430000.0,0.06720038816108694
2023-09-14,41.04,41.14,40.0,40.05,40.05,107090000.0,0.028464419475655447
2023-09-15,40.1,40.47,39.5,39.69,39.69,91167000.0,0.024439405391786316
2023-09-18,39.55,39.95,39.26,39.44,39.44,47047000.0,0.017494929006085316
2023-09-19,39.28,39.82,39.03,39.62,39.62,40768000.0,0.01993942453306409
2023-09-20,39.71,39.8,38.61,38.63,38.63,38666000.0,0.030805073776857303
2023-09-21,38.65,39.59,38.34,38.42,38.42,55479000.0,0.0325351379489849
2023-09-22,38.5,38.69,37.84,37.98,37.98,36928000.0,0.02238020010531844
2023-09-25,38.29,38.66,38.08,38.48,38.48,37573000.0,0.01507276507276503
2023-09-26,38.29,38.46,37.74,37.92,37.92,40894000.0,0.018987341772151868
2023-09-27,38.24,38.42,37.63,37.76,37.76,38435000.0,0.020921610169491504
2023-09-28,37.56,37.9,37.11,37.64,37.64,43699000.0,0.02098831030818276
2023-09-29,38,38.26,37.53,37.76,37.76,42053000.0,0.019332627118643985
2023-10-02,37.75,38.48,37.68,38.03,38.03,31021000.0,0.021036024191427746
2023-10-03,37.71,39.49,37.28,37.67,37.67,88781000.0,0.05866737456862227
2023-10-04,37.65,38.02,37.36,37.69,37.69,43037000.0,0.01751127620058381
2023-10-05,37.8,37.86,36.72,37.26,37.26,50348000.0,0.030595813204508875
2023-10-06,36.84,38.25,36.78,38.15,38.15,47781000.0,0.038532110091743094
2023-10-09,37.81,38.72,37.78,38.6,38.6,32998000.0,0.024352331606217557
2023-10-10,38.56,38.87,37.22,37.33,37.33,72889000.0,0.0442003750334851
2023-10-11,37.28,37.78,36.53,36.59,36.59,91514000.0,0.03416233943700464
2023-10-12,36.65,36.88,35.9,36.12,36.12,73761000.0,0.027131782945736545
2023-10-13,35.56,35.89,35.21,35.57,35.57,63126000.0,0.019117233623840307
2023-10-16,35.62,36.31,35.48,36.08,36.08,51289000.0,0.023004434589800594
2023-10-17,36.11,36.27,35.39,35.57,35.57,59084000.0,0.024739949395558125
2023-10-18,35.1,35.48,34.47,34.62,34.62,114296000.0,0.02917388792605425
2023-10-19,40.47,40.9,39.23,40.18,40.18,280744000.0,0.04156296665007471
2023-10-20,40.56,41.06,39.8,40.1,40.1,127829000.0,0.03142144638404003
2023-10-23,40.33,40.75,39.85,40.68,40.68,73900000.0,0.0221238938053097
2023-10-24,40.97,41.67,40.84,41.37,41.37,64592000.0,0.020062847474014947
2023-10-25,41.6,41.88,41.01,41.13,41.13,62996000.0,0.021152443471918417
2023-10-26,41.14,41.73,40.15,40.35,40.35,68497000.0,0.039157372986369225
2023-10-27,40.64,41.02,39.56,39.79,39.79,49976000.0,0.03669263634078917
2023-10-30,40.24,41.28,39.94,41.01,41.01,53171000.0,0.032674957327481186
2023-10-31,40.92,41.25,40.46,41.17,41.17,38776000.0,0.019188729657517587
2023-11-01,41.48,42.06,41.42,42.02,42.02,48061000.0,0.015230842455973358
2023-11-02,42.12,42.67,41.71,42.47,42.47,44760000.0,0.022604191193783867
2023-11-03,42.88,43.48,42.55,43.24,43.24,36671000.0,0.02150786308973172
2023-11-06,43.44,43.5,42.96,43.47,43.47,30032000.0,0.012422360248447185
2023-11-07,43.62,43.76,43.1,43.46,43.46,32911000.0,0.01518637827887705
2023-11-08,43.5,43.81,43.37,43.67,43.67,23568000.0,0.010075566750629834
2023-11-09,43.8,44.04,43.44,43.51,43.51,27355000.0,0.013789933348655515
2023-11-10,43.75,44.75,43.55,44.72,44.72,44406000.0,0.02683363148479434
2023-11-13,44.72,44.84,44.26,44.46,44.46,28961000.0,0.013045434098065798
2023-11-14,44.88,45.41,44.56,44.87,44.87,40609000.0,0.018943614887452515
2023-11-15,45.28,46.28,45.24,46.19,46.19,50353000.0,0.022515696038103467
2023-11-16,46.3,46.73,45.97,46.69,46.69,36560000.0,0.016277575497965262
2023-11-17,46.69,46.76,46.28,46.59,46.59,27985000.0,0.010302640051513132
2023-11-20,46.54,47.68,46.54,47.45,47.45,36176000.0,0.024025289778714445
2023-11-21,47.26,47.7,47.12,47.49,47.49,29977000.0,0.01221309749420942
2023-11-22,47.68,48.27,47.66,47.8,47.8,28416000.0,0.012761506276150764
2023-11-24,47.71,48.04,47.52,47.96,47.96,14047000.0,0.010842368640533695
2023-11-27,47.9,48.2,47.53,47.92,47.92,36259000.0,0.013981636060100201
2023-11-28,47.81,48.05,47.6,47.9,47.9,28902000.0,0.009394572025052103
2023-11-29,47.9,48.1,47.45,47.72,47.72,28555000.0,0.013621123218776164
2023-11-30,47.53,47.86,47.04,47.4,47.4,42873000.0,0.017299578059071737
2023-12-01,47.32,47.52,46.46,46.57,46.57,43415000.0,0.022761434399828265
2023-12-04,46.1,46.12,45.12,45.39,45.39,51577000.0,0.02203128442388191
2023-12-05,45.07,45.64,44.96,45.51,45.51,33807000.0,0.01494177103933201
2023-12-06,46,46.05,44.57,44.67,44.67,41788000.0,0.03313185583165428
2023-12-07,45.08,45.29,44.83,45.2,45.2,35067000.0,0.010176991150442497
2023-12-08,45.08,45.55,45.08,45.38,45.38,34584000.0,0.010356985456148058
2023-12-11,45.94,47.06,45.72,45.99,45.99,49297000.0,0.02913676886279633
2023-12-12,46.52,46.56,45.92,46.3,46.3,33027000.0,0.013822894168466536
2023-12-13,46.2,48.13,46.2,48.0,48.0,58202000.0,0.040208333333333325
2023-12-14,48.04,48.08,46.48,46.98,46.98,51764000.0,0.03405704555129846
2023-12-15,46.73,47.3,46.73,47.21,47.21,78410000.0,0.01207371319635671
2023-12-18,47.63,49.2,47.51,48.61,48.61,64107000.0,0.03476650894877607
2023-12-19,48.84,49.61,48.41,49.5,49.5,38490000.0,0.0242424242424243
2023-12-20,49.2,50.09,48.84,48.93,48.93,45637000.0,0.025546699366441855
2023-12-21,49.27,49.44,48.68,49.16,49.16,27562000.0,0.015459723352318919
2023-12-22,49.4,49.6,48.54,48.68,48.68,27027000.0,0.021774856203779832
2023-12-26,48.94,49.15,48.64,49.12,49.12,20345000.0,0.010382736156351751
2023-12-27,49.12,49.4,48.92,49.18,49.18,25613000.0,0.009760065067100384
2023-12-28,49.2,49.29,48.91,49.05,49.05,17105000.0,0.007747196738022479
2023-12-29,49.04,49.22,48.19,48.69,48.69,27406000.0,0.021154241117272564
2024-01-02,48.32,48.47,46.19,46.85,46.85,50494000.0,0.04866595517609394
2024-01-03,46.73,47.51,46.58,47.03,47.03,34437000.0,0.01977461194981926
2024-01-04,47.3,48.07,46.65,47.47,47.47,36365000.0,0.02991362966083846
2024-01-05,47.65,47.96,47.18,47.41,47.41,26313000.0,0.016452225268930632
2024-01-08,47.39,48.52,47.37,48.5,48.5,36758000.0,0.023711340206185684
2024-01-09,47.55,48.51,47.38,48.21,48.21,35268000.0,0.023439120514416
2024-01-10,48.16,48.7,47.29,47.83,47.83,43424000.0,0.029479406230399408
2024-01-11,49.25,50.34,48.38,49.22,49.22,79933000.0,0.03982121088988218
2024-01-12,50.05,50.08,49.06,49.22,49.22,50037000.0,0.0207232832182039
2024-01-16,49,49.42,47.8,48.12,48.12,46790000.0,0.03366583541147142
2024-01-17,48.45,48.62,47.53,48.03,48.03,48946000.0,0.022694149489902067
2024-01-18,48,48.58,47.8,48.53,48.53,40544000.0,0.016072532454152095
2024-01-19,48.5,48.57,47.61,48.29,48.29,56724000.0,0.019879892317249966
2024-01-22,48.76,48.98,47.99,48.57,48.57,52123000.0,0.020382952439777537
2024-01-23,49.2,49.9,48.14,49.22,49.22,155060000.0,0.035757822023567615
2024-01-24,53.78,56.25,53.71,54.49,54.49,264328000.0,0.04661405762525232
2024-01-25,55.19,56.35,54.85,56.2,56.2,94519000.0,0.02669039145907473
2024-01-26,56.18,57.96,55.84,57.04,57.04,127706000.0,0.03716690042075732
2024-01-29,57.13,57.85,56.27,57.58,57.58,69054000.0,0.02744008336227854
2024-01-30,56.73,57.09,56.08,56.28,56.28,61818000.0,0.017945984363894902
2024-01-31,56.28,57.22,56.2,56.41,56.41,48576000.0,0.01808190037227435
2024-02-01,56.7,57.27,56.38,56.75,56.75,31740000.0,0.01568281938325992
2024-02-02,56.45,56.78,56.24,56.46,56.46,40328000.0,0.009564293304994672
2024-02-05,56.25,57.58,55.72,56.21,56.21,41431000.0,0.03309019747375911
2024-02-06,56.41,56.63,55.44,55.59,55.59,28403000.0,0.021406727828746263
2024-02-07,55.82,56.78,55.5,55.93,55.93,43736000.0,0.02288575004469875
2024-02-08,56.06,56.37,55.57,55.85,55.85,31755000.0,0.014324082363473538
2024-02-09,56.5,56.6,55.81,56.13,56.13,30557000.0,0.014074469980402621
2024-02-12,56.04,56.84,55.7,55.78,55.78,36085000.0,0.020437432771602735
2024-02-13,55.08,55.92,54.9,55.45,55.45,35115000.0,0.01839495040577102
2024-02-14,56.73,58.13,56.43,57.93,57.93,56342000.0,0.029345762126704693
2024-02-15,58.19,59.38,58.03,59.35,59.35,52209000.0,0.022746419545071634
2024-02-16,59.69,59.7,57.75,58.4,58.4,43257000.0,0.03339041095890416
2024-02-20,58.02,58.6,56.97,57.51,57.51,31242000.0,0.028342896887497873
2024-02-21,57.35,57.58,56.73,57.33,57.33,22706000.0,0.014826443397871994
2024-02-22,58.28,59.08,57.89,58.85,58.85,35266000.0,0.020220900594732333
2024-02-23,58.64,59.24,57.98,58.36,58.36,25689000.0,0.021590130226182405
2024-02-26,58.36,59.08,58.33,58.76,58.76,23937000.0,0.012763784887678693
2024-02-27,59.5,60.54,59.23,60.17,60.17,44894000.0,0.021771647000166233
2024-02-28,59.58,59.82,59.0,59.65,59.65,26052000.0,0.013746856663872596
2024-02-29,60.42,60.45,59.52,60.29,60.29,35721000.0,0.015425443688837281
2024-03-01,59.98,62.03,59.95,61.93,61.93,42703000.0,0.033586307120942974
2024-03-04,62.16,62.44,61.51,61.58,61.58,30203000.0,0.015102305943488142
2024-03-05,61.01,61.09,59.2,59.85,59.85,38496000.0,0.03157894736842106
2024-03-06,60.3,60.79,59.36,59.77,59.77,24696000.0,0.023925046009703858
2024-03-07,59.93,61.05,59.59,60.85,60.85,27428000.0,0.023993426458504417
2024-03-08,60.83,61.61,60.08,60.48,60.48,27772000.0,0.02529761904761907
2024-03-11,60.81,61.1,60.04,60.09,60.09,25009000.0,0.017640206357131007
2024-03-12,60.02,61.53,59.63,61.11,61.11,28216000.0,0.03109147439044344
2024-03-13,61.34,61.49,60.72,60.94,60.94,21921000.0,0.012635379061371892
2024-03-14,61.5,62.08,60.74,61.3,61.3,31205000.0,0.021859706362153286
2024-03-15,62.29,62.29,60.38,60.59,60.59,66716000.0,0.031523353688727454
2024-03-18,61.36,62.74,61.04,61.84,61.84,33442000.0,0.027490297542044028
2024-03-19,61.56,62.13,60.8,62.07,62.07,21426000.0,0.021427420654100297
2024-03-20,61.99,62.95,61.83,62.77,62.77,26395000.0,0.017842918591683996
2024-03-21,63.06,63.44,62.23,62.27,62.27,25077000.0,0.019431507949253263
2024-03-22,62.42,62.9,62.1,62.8,62.8,21357000.0,0.012738853503184669
2024-03-25,62.79,63.05,62.32,62.75,62.75,18033000.0,0.011633466135458117
2024-03-26,62.52,63.44,61.92,62.92,62.92,28045000.0,0.024157660521296823
2024-03-27,62.9,63.13,61.07,61.35,61.35,26283000.0,0.033577832110839485
2024-03-28,61.5,61.5,60.16,60.73,60.73,37088000.0,0.022064877325868655
2024-04-01,60.8,61.51,60.56,61.43,61.43,21159000.0,0.015464756633566591
2024-04-02,61.1,61.5,60.55,61.42,61.42,20292000.0,0.015467274503419127
2024-04-03,61.28,63.04,61.15,63.01,63.01,29312000.0,0.029995238850976047
2024-04-04,63.32,63.8,61.66,61.71,61.71,30643000.0,0.034678334143574796
2024-04-05,62.49,63.79,62.27,63.62,63.62,33788000.0,0.023891857906318707
2024-04-08,63.64,63.9,62.81,62.84,62.84,21457000.0,0.017345639719923554
2024-04-09,63.2,63.2,61.56,61.82,61.82,21436000.0,0.026528631510837924
2024-04-10,61.1,62.01,60.93,61.86,61.86,28062000.0,0.017458777885547984
2024-04-11,62.44,63.17,61.72,62.88,62.88,26627000.0,0.023059796437659076
2024-04-12,62.82,63.31,61.89,62.28,62.28,29593000.0,0.022800256904303175
2024-04-15,63.02,63.02,60.39,60.72,60.72,30854000.0,0.04331357048748358
2024-04-16,60.75,62.24,60.75,61.75,61.75,35191000.0,0.024129554655870477
2024-04-17,62.1,62.1,60.77,61.37,61.37,33122000.0,0.02167182662538697
2024-04-18,61.21,62.13,60.54,61.06,61.06,84684000.0,0.026039960694399008
2024-04-19,56.79,57.9,55.22,55.5,55.5,164497000.0,0.04828828828828828
2024-04-22,55.07,55.86,54.2,55.46,55.46,85977000.0,0.02993148214929673
2024-04-23,55.65,57.92,55.53,57.78,57.78,49755000.0,0.041363793700242305
2024-04-24,57.43,57.69,55.13,55.51,55.51,53553000.0,0.046117816609619805
2024-04-25,54.95,56.65,54.57,56.48,56.48,38071000.0,0.036827195467422066
2024-04-26,55.82,56.29,55.32,56.12,56.12,43326000.0,0.01728439059158943
2024-04-29,55.92,55.96,55.42,55.95,55.95,25089000.0,0.009651474530831084
2024-04-30,56,56.0,54.94,55.06,55.06,33615000.0,0.01925172539048315
2024-05-01,54.78,56.04,54.42,55.17,55.17,34732000.0,0.02936378466557907
2024-05-02,55.6,56.55,55.56,56.51,56.51,30682000.0,0.017519023181737654
2024-05-03,56.6,58.03,56.52,57.93,57.93,33075000.0,0.026065941653719973
2024-05-06,58.18,59.73,58.03,59.7,59.7,36863000.0,0.028475711892797247
2024-05-07,59.63,60.6,59.13,60.6,60.6,36141000.0,0.024257425742574237
2024-05-08,60.16,61.82,60.16,60.95,60.95,30939000.0,0.02723543888433148
2024-05-09,61.44,61.57,60.58,61.21,61.21,20654000.0,0.016173827805914098
2024-05-10,61.9,62.4,60.51,61.09,61.09,26536000.0,0.03093796038631528
2024-05-13,61.43,61.82,60.68,61.66,61.66,20862000.0,0.018488485241647756
2024-05-14,61.52,62.15,60.84,61.37,61.37,27924000.0,0.02134593449568185
2024-05-15,61.86,62.41,60.91,61.35,61.35,56706000.0,0.024449877750611245
2024-05-16,61.58,61.83,60.91,61.05,61.05,30564000.0,0.015069615069615098
2024-05-17,61.7,62.58,61.47,62.11,62.11,37827000.0,0.017871518274029937
2024-05-20,62.04,64.44,61.95,64.08,64.08,38579000.0,0.038857677902621644
2024-05-21,63.68,65.09,63.42,65.06,65.06,29202000.0,0.025668613587457756
2024-05-22,64.71,64.93,63.81,64.05,64.05,21762000.0,0.01748633879781428
2024-05-23,64.23,64.27,63.0,63.57,63.57,23139000.0,0.019977977033191693
2024-05-24,63.94,65.2,63.76,64.68,64.68,26153000.0,0.02226345083487948
2024-05-28,64.71,64.97,64.3,64.9,64.9,26095000.0,0.010323574730354416
2024-05-29,64.41,66.43,64.39,65.46,65.46,36959000.0,0.031164069660861694
2024-05-30,65.35,65.65,64.47,64.77,64.77,23889000.0,0.01821831094642592
2024-05-31,64.4,64.86,62.83,64.16,64.16,40710000.0,0.031639650872817976
2024-06-03,64.52,64.68,62.73,63.38,63.38,23235000.0,0.0307668034080153
2024-06-04,63.38,63.52,62.64,63.16,63.16,30082000.0,0.013932868904369896
2024-06-05,63.4,65.13,62.83,65.03,65.03,26826000.0,0.035368291557742536
2024-06-06,64.49,65.8,64.42,64.85,64.85,24667000.0,0.02127987663839623
2024-06-07,64.94,65.04,64.02,64.15,64.15,18766000.0,0.015900233826968202
2024-06-10,64.1,64.48,63.56,64.45,64.45,20644000.0,0.014274631497284742
2024-06-11,64.07,65.02,64.05,64.86,64.86,21674000.0,0.014955288313290146
2024-06-12,65.22,65.58,64.31,65.01,65.01,20944000.0,0.019535456083679372
2024-06-13,64.4,65.53,64.24,65.33,65.33,18636000.0,0.019745905403337
2024-06-14,65.5,67.56,65.26,66.94,66.94,44471000.0,0.034359127576934524
2024-06-17,66.91,68.27,66.51,67.58,67.58,36312000.0,0.026043208049718717
2024-06-18,67.56,68.71,67.46,68.57,68.57,29438000.0,0.018229546448884353
2024-06-20,68.18,68.99,67.37,67.9,67.9,25851000.0,0.023858615611192787
2024-06-21,68.33,68.69,67.81,68.61,68.61,45064000.0,0.012826118641597368
2024-06-24,68.5,68.55,66.45,66.9,66.9,39163000.0,0.03139013452914789
2024-06-25,67.34,67.37,66.23,67.24,67.24,22706000.0,0.016954193932183233
2024-06-26,67.24,68.3,67.0,67.77,67.77,35458000.0,0.019182529142688465
2024-06-27,67.93,68.86,67.81,68.43,68.43,24048000.0,0.015344147303814074
2024-06-28,67.9,68.7,67.31,67.49,67.49,34124000.0,0.020595643799081357
2024-07-01,67.49,67.5,66.38,67.36,67.36,22128000.0,0.01662707838479817
2024-07-02,67.35,68.17,67.01,67.96,67.96,24114000.0,0.01706886403766917
2024-07-03,67.75,68.38,67.55,68.25,68.25,14035000.0,0.012161172161172136
2024-07-05,68.25,69.75,67.72,69.07,69.07,26591000.0,0.029390473432749403
2024-07-08,68.7,68.89,68.15,68.57,68.57,19308000.0,0.010791891497739462
2024-07-09,69,69.53,68.47,68.57,68.57,25961000.0,0.015458655388653965
2024-07-10,68.5,68.72,67.32,67.76,67.76,26519000.0,0.020661157024793472
2024-07-11,67.25,67.25,64.74,65.28,65.28,51066000.0,0.03844975490196086
2024-07-12,65.28,65.59,64.37,64.76,64.76,33552000.0,0.018838789376158103
2024-07-15,64.75,66.75,64.66,65.64,65.64,32088000.0,0.031840341255332166
2024-07-16,66.18,66.37,64.91,65.63,65.63,26857000.0,0.022245924120067165
2024-07-17,65,65.04,63.95,64.75,64.75,40173000.0,0.016833976833976888
2024-07-18,65.66,65.7,63.92,64.3,64.3,75758000.0,0.027682737169517902
2024-07-19,66.06,67.9,62.91,63.33,63.33,98156000.0,0.07879362071687998
2024-07-22,63.95,65.63,63.26,64.75,64.75,52191000.0,0.03660231660231656
2024-07-23,64.75,64.99,64.1,64.28,64.28,24636000.0,0.01384567517112633
2024-07-24,63.57,65.24,63.27,63.6,63.6,48882000.0,0.030974842767295466
2024-07-25,64.1,65.0,62.17,63.41,63.41,45545000.0,0.044630184513483655
2024-07-26,64.5,64.7,62.98,63.14,63.14,31207000.0,0.02724105163129563
2024-07-29,63.46,63.46,62.39,62.7,62.7,24005000.0,0.01706539074960128
2024-07-30,63.02,63.47,61.7,62.26,62.26,34966000.0,0.028429168005139675
2024-07-31,62.66,63.36,62.26,62.83,62.83,31349000.0,0.017507560082763034
2024-08-01,62.92,64.67,61.76,62.49,62.49,37206000.0,0.0465674507921268
2024-08-02,62.1,62.53,60.83,61.36,61.36,35230000.0,0.02770534550195572
2024-08-05,58.7,60.46,58.7,59.85,59.85,40442000.0,0.029406850459482003
2024-08-06,60.06,62.24,60.06,60.96,60.96,43191000.0,0.03576115485564304
2024-08-07,61.61,63.2,61.06,61.15,61.15,31878000.0,0.03499591169255929
2024-08-08,62.2,63.23,61.6,63.03,63.03,32835000.0,0.025860701253371338
2024-08-09,62.3,63.66,62.3,63.39,63.39,19808000.0,0.02145448808960403
2024-08-12,63.1,63.9,62.71,63.31,63.31,23317000.0,0.018796398673195353
2024-08-13,63.86,65.1,63.55,64.8,64.8,26396000.0,0.02391975308641971
2024-08-14,64.87,66.36,64.87,66.17,66.17,40143000.0,0.022517757291824012
2024-08-15,66.85,67.32,65.98,66.32,66.32,32102000.0,0.02020506634499381
2024-08-16,66.94,68.02,66.54,67.41,67.41,35110000.0,0.02195519952529283
2024-08-19,67.41,68.88,67.29,68.85,68.85,30162000.0,0.023093681917211173
2024-08-20,68.89,71.13,68.82,69.85,69.85,48131000.0,0.03307086614173232
2024-08-21,69.7,70.1,69.14,69.71,69.71,22353000.0,0.01377133840195085
2024-08-22,69.1,70.15,68.62,68.9,68.9,27294000.0,0.022206095791001464
2024-08-23,69.41,69.61,67.86,68.67,68.67,23545000.0,0.0254841997961264
2024-08-26,68.73,69.06,68.16,68.84,68.84,13542000.0,0.01307379430563634
2024-08-27,68.85,70.79,68.69,69.57,69.57,31649000.0,0.030185424752048422
2024-08-28,69.58,69.67,67.71,68.38,68.38,24306000.0,0.028663351857268326
2024-08-29,69,69.98,68.61,69.25,69.25,21870000.0,0.019783393501805118
2024-08-30,70.04,70.19,68.82,70.14,70.14,32667000.0,0.019532363843741154
2024-09-03,70.01,70.39,67.1,67.53,67.53,31610000.0,0.048719087812824025
2024-09-04,67.33,68.46,67.31,67.97,67.97,17853000.0,0.016919229071649132
2024-09-05,67.31,68.73,67.19,68.36,68.36,18101000.0,0.022527794031597517
2024-09-06,68.19,68.32,66.23,66.58,66.58,29913000.0,0.031390808050465444
2024-09-09,67.4,68.35,67.21,67.54,67.54,26831000.0,0.016878886585726983
2024-09-10,67.69,68.06,66.58,67.36,67.36,20792000.0,0.02197149643705469
2024-09-11,67.75,68.3,66.08,68.15,68.15,23919000.0,0.032575201760821695
2024-09-12,68.49,69.49,68.22,68.68,68.68,25821000.0,0.018491555037856666
2024-09-13,68,69.96,68.0,69.71,69.71,22765000.0,0.028116482570649748
2024-09-16,70,70.3,68.86,69.65,69.65,18437000.0,0.02067480258435029
2024-09-17,70.08,70.76,69.84,70.69,70.69,22986000.0,0.013014570660630949
2024-09-18,70.75,70.75,68.8,69.05,69.05,29844000.0,0.02824040550325855
2024-09-19,70.5,71.57,69.54,70.43,70.43,42285000.0,0.02882294476785442
2024-09-20,70.56,70.67,69.63,70.1,70.1,39981000.0,0.014835948644793243
2024-09-23,70.24,71.22,69.92,70.54,70.54,32243000.0,0.018429259994329417
2024-09-24,70.66,72.24,70.44,72.23,72.23,35657000.0,0.024920393188425823
2024-09-25,72.1,72.51,71.62,72.16,72.16,22598000.0,0.012333702882483378
2024-09-26,72.47,72.53,70.17,71.14,71.14,28330000.0,0.03317402305313465
2024-09-27,70.84,71.07,70.13,70.74,70.74,23956000.0,0.013288097257562876
2024-09-30,70.7,71.12,70.28,70.93,70.93,17099000.0,0.011842661779218996
2024-10-01,71.36,71.78,69.86,70.61,70.61,28135000.0,0.027191615918425175
2024-10-02,70.61,71.62,70.47,71.11,71.11,17582000.0,0.01617212768949523
2024-10-03,70.43,70.88,70.0,70.68,70.68,22564000.0,0.012450481041312893
2024-10-04,71.33,72.1,70.88,71.97,71.97,22290000.0,0.016951507572599677
2024-10-07,71.48,71.59,69.64,70.19,70.19,33605000.0,0.027781735289927383
2024-10-08,70.39,72.51,70.36,72.18,72.18,31874000.0,0.029786644499861535
2024-10-09,71.93,72.86,71.89,72.74,72.74,19811000.0,0.013335166345889455
2024-10-10,72.33,73.39,72.25,73.03,73.03,27679000.0,0.015610023278104896
2024-10-11,73.49,73.6,72.12,72.28,72.28,22995000.0,0.020475926950746952
2024-10-14,72.5,72.66,71.13,71.3,71.3,27971000.0,0.021458625525946722
2024-10-15,71.25,71.34,69.98,70.6,70.6,29328000.0,0.01926345609065155
2024-10-16,70.34,70.56,69.78,70.2,70.2,24943000.0,0.011111111111111127
2024-10-17,70.43,70.44,67.79,68.76,68.76,89267000.0,0.03853984874927271
2024-10-18,73.76,76.63,73.62,76.39,76.39,159741000.0,0.03940306322817111
2024-10-21,76.58,77.3,75.66,77.21,77.21,60571000.0,0.021240771920735663
2024-10-22,76.53,76.97,76.11,76.42,76.42,29873000.0,0.011253598534415066
2024-10-23,76.28,76.38,74.43,74.93,74.93,37490000.0,0.026024289336714114
2024-10-24,75.2,75.58,74.63,75.46,75.46,26430000.0,0.012589451364961608
2024-10-25,75.62,76.85,75.35,75.47,75.47,28195000.0,0.019875447197561947
2024-10-28,75.87,75.87,74.79,74.91,74.91,28624000.0,0.014417300760913073
2024-10-29,75.11,76.39,74.8,75.94,75.94,36604000.0,0.02093758230181727
2024-10-30,75.81,75.98,75.23,75.37,75.37,17220000.0,0.009950908849674936
2024-10-31,75.39,76.08,75.22,75.6,75.6,30577000.0,0.011375661375661369
2024-11-01,75.35,76.38,74.78,75.61,75.61,29968000.0,0.021161222060573925
2024-11-04,75.31,76.25,74.97,75.55,75.55,19022000.0,0.0169424222369292
2024-11-05,75.74,76.75,75.63,76.39,76.39,22006000.0,0.014661604922110284
2024-11-06,77.15,78.15,75.74,78.02,78.02,36908000.0,0.030889515508844025
2024-11-07,78.14,79.82,77.99,79.65,79.65,32951000.0,0.022975517890772106
2024-11-08,79.74,79.91,78.86,79.5,79.5,19106000.0,0.013207547169811285
2024-11-11,79.59,80.68,79.56,80.54,80.54,23992000.0,0.013906133598212123
2024-11-12,80.75,82.04,80.38,81.95,81.95,28141000.0,0.020256253813300925
2024-11-13,82.26,83.7,82.05,83.05,83.05,27678000.0,0.019867549668874242
2024-11-14,83.37,84.1,83.0,83.73,83.73,30382000.0,0.013137465663441948
2024-11-15,83.2,83.2,81.65,82.4,82.4,36737000.0,0.01881067961165045
2024-11-18,81.55,84.85,80.93,84.71,84.71,40812000.0,0.046275528272931035
2024-11-19,83.97,87.45,83.92,87.13,87.13,38142000.0,0.04051417422242627
2024-11-20,88,89.06,86.84,88.39,88.39,40938000.0,0.0251159633442697
2024-11-21,88.39,90.8,87.72,89.75,89.75,45113000.0,0.03431754874651809
2024-11-22,89.6,90.6,89.3,89.78,89.78,32140000.0,0.014479839607930464
2024-11-25,90.21,90.21,86.42,86.56,86.56,60142000.0,0.04378465804066534
2024-11-26,86.75,88.64,86.72,87.26,87.26,31383000.0,0.02200320880128354
2024-11-27,87.21,88.1,85.89,87.73,87.73,25782000.0,0.02519092670694168
2024-11-29,88.22,89.24,87.67,88.68,88.68,20272000.0,0.017704104645917828
2024-12-02,88.75,90.23,88.41,89.77,89.77,23890000.0,0.020274033641528435
2024-12-03,89.44,90.27,88.8,90.22,90.22,24016000.0,0.01629350476612723
2024-12-04,89.81,91.6,89.81,91.11,91.11,26896000.0,0.019646581055866447
2024-12-05,91.79,92.7,91.11,91.79,91.79,28353000.0,0.017322148382176744
2024-12-06,91.52,93.53,91.27,93.47,93.47,29554000.0,0.024178880924360813
2024-12-09,92.8,93.03,90.26,91.37,91.37,33501000.0,0.030316296377366707
2024-12-10,91.38,92.29,90.96,91.33,91.33,23886000.0,0.01456257527647008
2024-12-11,92.47,94.18,92.31,93.66,93.66,35017000.0,0.01996583386717921
2024-12-12,93.33,93.41,92.26,92.56,92.56,24862000.0,0.012424373379429466
2024-12-13,91.68,92.56,90.96,91.89,91.89,24858000.0,0.017412123190771667
2024-12-16,92.39,92.89,91.95,92.11,92.11,26749000.0,0.010205189447399824
2024-12-17,92.15,92.85,91.64,91.91,91.91,24595000.0,0.013165052769013098
2024-12-18,91.91,92.24,88.66,88.96,88.96,29382000.0,0.04024280575539567
2024-12-19,90.82,91.26,89.9,90.2,90.2,28155000.0,0.015077605321507754
2024-12-20,89.32,91.99,89.05,90.9,90.9,45305000.0,0.032343234323432314
2024-12-23,91.34,91.5,89.91,91.14,91.14,23394000.0,0.017445687952600434
2024-12-24,91.5,93.58,91.17,93.21,93.21,23203000.0,0.025855594893251763
2024-12-26,92.84,93.05,91.53,92.41,92.41,23403000.0,0.01644843631641593
2024-12-27,91.6,91.81,89.45,90.75,90.75,32262000.0,0.026005509641873273
2024-12-30,89.45,90.82,88.97,90.04,90.04,22030000.0,0.02054642381163921
2024-12-31,90.18,90.27,88.95,89.13,89.13,18759000.0,0.014809828340625976
2025-01-02,89.55,89.86,87.7,88.67,88.67,23123000.0,0.024359986466674147
2025-01-03,89.31,89.88,87.99,88.11,88.11,29673000.0,0.021450459652706852
2025-01-06,88.88,89.28,87.17,88.18,88.18,34577000.0,0.023928328419142653
2025-01-07,87.94,88.8,86.91,87.92,87.92,26498000.0,0.02149681528662421
2025-01-08,88,88.62,87.3,87.5,87.5,23479000.0,0.01508571428571437
2025-01-10,86.64,86.64,83.44,83.77,83.77,48033000.0,0.038199832875731206
2025-01-13,83.15,84.71,82.91,84.03,84.03,30245000.0,0.02142092109960725
2025-01-14,84.32,84.49,82.35,82.84,82.84,30377000.0,0.025832930951231296
2025-01-15,83.64,85.08,83.04,84.83,84.83,31814000.0,0.024048096192384676
2025-01-16,86.1,86.9,84.2,84.24,84.24,40285000.0,0.03205128205128209
2025-01-17,85.98,86.5,85.21,85.81,85.81,36176000.0,0.015033212912248062
2025-01-21,86.35,91.64,85.47,86.97,86.97,98514000.0,0.07094400367942971
2025-01-22,99.8,99.9,95.08,95.4,95.4,142732000.0,0.05052410901467513
2025-01-23,95.78,98.5,95.39,98.49,98.49,77521000.0,0.03157680982840897
2025-01-24,98.44,98.63,96.77,97.76,97.76,45504000.0,0.019026186579378063
2025-01-27,97.11,98.23,96.03,97.19,97.19,46342000.0,0.0226360736701307
2025-01-28,96.67,97.79,95.73,97.18,97.18,34340000.0,0.021197777320436324
2025-01-29,98,98.76,96.82,97.82,97.82,29307000.0,0.01983234512369671
2025-01-30,98.68,99.46,97.0,97.32,97.32,38678000.0,0.025277435265104748
2025-01-31,97.4,99.03,97.4,97.68,97.68,36151000.0,0.016687141687141638
2025-02-03,97.3,98.77,96.44,97.89,97.89,37242000.0,0.023802226989477968
2025-02-04,98.05,100.8,97.85,99.49,99.49,60001000.0,0.029651221228264177
2025-02-05,98.77,101.18,98.67,101.11,101.11,39934000.0,0.02482444862031456
2025-02-06,100.79,101.64,100.26,101.57,101.57,31343000.0,0.013586688982967369
2025-02-07,101.7,102.78,100.57,101.39,101.39,32129000.0,0.021797021402505258
2025-02-10,102.31,103.29,101.59,102.76,102.76,32966000.0,0.016543402101985235
2025-02-11,102.08,102.27,100.29,100.81,100.81,33318000.0,0.019640908640015768
2025-02-12,100.55,102.77,99.83,102.73,102.73,33890000.0,0.02861870923780782
2025-02-13,102.66,104.6,102.51,104.37,104.37,34761000.0,0.0200249113729998
2025-02-14,104.5,106.45,104.17,105.86,105.86,31454000.0,0.02153788021915739
2025-02-18,106,106.2,102.38,103.58,103.58,42293000.0,0.03687970650704776
2025-02-19,103.52,104.5,102.45,104.33,104.33,26000000.0,0.01964919006997026
2025-02-20,104.2,104.5,101.56,102.45,102.45,31118000.0,0.02869692532942897
2025-02-21,102.94,103.24,99.94,100.32,100.32,37387000.0,0.03289473684210524
2025-02-24,100.8,101.52,98.45,98.85,98.85,44262000.0,0.031057157309054055
2025-02-25,98.94,99.44,95.5,97.72,97.72,47383000.0,0.040319279574293876
2025-02-26,97.76,100.09,97.69,99.01,99.01,33972000.0,0.024239975760024297
2025-02-27,99.5,100.07,96.18,96.31,96.31,37666000.0,0.04039040598068722
2025-02-28,96.96,98.23,95.82,98.06,98.06,47174000.0,0.024576789720579348
2025-03-03,98.3,99.49,96.48,97.37,97.37,39074000.0,0.03091301222142334
2025-03-04,97.16,98.63,94.82,97.26,97.26,43928000.0,0.03917334978408392
2025-03-05,97.36,99.56,96.95,99.09,99.09,38079000.0,0.026339691189827423
2025-03-06,97.3,97.37,89.9,90.64,90.64,78526000.0,0.08241394527802294
2025-03-07,89.76,90.49,85.81,89.11,89.11,77375000.0,0.05251935809673429
2025-03-10,87.51,88.13,85.45,86.67,86.67,69953000.0,0.030921887619706847
2025-03-11,86.74,91.07,86.6,89.51,89.51,73989000.0,0.04993855435146909
2025-03-12,91.46,92.72,90.1,91.97,91.97,68658000.0,0.028487550288137486
2025-03-13,91.3,92.19,88.75,89.02,89.02,50017000.0,0.038643001572680274
2025-03-14,90.15,91.96,90.1,91.8,91.8,52007000.0,0.020261437908496726
2025-03-17,94,96.76,93.44,95.0,95.0,75431000.0,0.034947368421052706
2025-03-18,94,94.82,91.63,93.0,93.0,60094000.0,0.03430107526881718
2025-03-19,93.58,96.8,92.4,95.95,95.95,66624000.0,0.04585721730067734
2025-03-20,95,96.7,94.55,95.08,95.08,44663000.0,0.022612536811106497
2025-03-21,94.16,96.36,94.1,96.03,96.03,59054000.0,0.023534312194106063
2025-03-24,96.97,97.7,95.15,97.2,97.2,46779000.0,0.02623456790123454
2025-03-25,97.82,99.87,97.71,99.73,99.73,37822000.0,0.021658477890303927
2025-03-26,99.38,99.68,96.63,97.07,97.07,35274000.0,0.03142062429174834
2025-03-27,97.42,98.9,96.64,97.67,97.67,30472000.0,0.02313914200880521
2025-03-28,97.2,97.5,92.92,93.39,93.39,44227000.0,0.04904165328193595
2025-03-31,92.05,93.45,90.06,93.25,93.25,46341000.0,0.03635388739946381
2025-04-01,92.75,93.23,91.15,92.84,92.84,35200000.0,0.022404136148211958
2025-04-02,92.3,94.96,91.61,93.55,93.55,32569000.0,0.035809727418492726
2025-04-03,90.18,94.66,90.05,91.71,91.71,58646000.0,0.05026714643986479
2025-04-04,89.65,90.66,85.39,85.59,85.59,67988000.0,0.06157261362308676
2025-04-07,82.79,90.67,82.11,86.78,86.78,66568000.0,0.09864023968656375
2025-04-08,91.24,92.24,85.77,87.04,87.04,56254000.0,0.07433363970588233
2025-04-09,85.59,95.14,85.44,94.55,94.55,74980000.0,0.10259122157588581
2025-04-10,93.19,94.12,89.4,92.12,92.12,51298000.0,0.05123751628310897
2025-04-11,92,94.49,90.67,91.83,91.83,40736000.0,0.04159860612000428
2025-04-14,93.27,94.9,91.95,93.13,93.13,40359000.0,0.03167615161602065
2025-04-15,95,99.35,94.8,97.63,97.63,77120000.0,0.04660452729693739
2025-04-16,97.63,98.12,94.92,96.16,96.16,60661000.0,0.03327787021630619
2025-04-17,96.9,98.47,95.6,97.3,97.3,88937000.0,0.029496402877697888
2025-04-21,98.44,101.9,97.31,98.79,98.79,97757000.0,0.046462192529608294
2025-04-22,100.53,106.5,100.45,104.03,104.03,93689000.0,0.05815630106699988
2025-04-23,104.72,106.13,103.2,104.96,104.96,64719000.0,0.027915396341463346
2025-04-24,104.8,110.1,104.7,109.69,109.69,63819000.0,0.04922964718752841
2025-04-25,109.7,110.68,109.1,110.15,110.15,39500000.0,0.01434407625964605
2025-04-28,110,111.4,108.26,111.04,111.04,38311000.0,0.028278097982708937
2025-04-29,110.39,112.78,109.55,112.56,112.56,37773000.0,0.02869580668088134
2025-04-30,111.26,113.32,110.11,113.17,113.17,42667000.0,0.028364407528496897
2025-05-01,112.25,114.24,111.18,113.35,113.35,34995000.0,0.02699602999558878
2025-05-02,113.67,115.94,113.33,115.65,115.65,37743000.0,0.022568093385214
2025-05-05,111.48,114.4,110.7,113.41,113.41,56623000.0,0.03262498897804429
2025-05-06,112.94,114.77,112.64,113.77,113.77,32567000.0,0.01872198294805305
2025-05-07,113.92,116.4,113.8,115.54,115.54,43497000.0,0.022503029253938104
2025-05-08,116.16,116.23,113.92,114.44,114.44,37609000.0,0.020185249912617987
2025-05-09,114.71,115.1,113.32,114.02,114.02,25696000.0,0.015611296263813376
2025-05-12,112.43,113.0,110.29,111.0,111.0,64791000.0,0.02441441441441436
2025-05-13,111.45,114.79,110.63,113.84,113.84,39979000.0,0.03654251581166559
2025-05-14,112.96,115.29,112.84,115.1,115.1,39101000.0,0.02128583840139012
2025-05-15,114.77,118.78,114.76,117.8,117.8,44640000.0,0.034125636672325946
2025-05-16,119.31,119.65,117.94,119.15,119.15,46984000.0,0.014351657574486008
2025-05-19,117.36,119.16,117.17,119.16,119.16,28534000.0,0.016700234978180555
2025-05-20,118.68,119.3,117.9,119.2,119.2,21331000.0,0.011744966442952948
2025-05-21,118.65,121.12,118.65,119.46,119.46,29766000.0,0.020676377029968183
2025-05-22,119.24,119.88,118.72,118.8,118.8,18616000.0,0.009764309764309736
2025-05-23,118.4,119.14,117.94,118.54,118.54,21865000.0,0.010123165176311818
2025-05-27,119.53,121.18,119.31,121.16,121.16,29205000.0,0.01543413667877191
2025-05-28,121.03,121.59,120.6,120.86,120.86,18559000.0,0.008191295714049389
2025-05-29,120.8,120.9,117.63,118.49,118.49,33007000.0,0.027597265592033172
2025-05-30,119.83,121.18,118.09,120.72,120.72,46968000.0,0.02559642147117299
2025-06-02,120.12,121.94,119.63,121.9,121.9,22942000.0,0.018949958982772783
2025-06-03,121.99,122.96,121.12,121.79,121.79,23638000.0,0.015107972739962141
2025-06-04,122.07,124.26,121.99,123.97,123.97,23594000.0,0.018310881664919013
2025-06-05,124.06,126.28,123.73,125.05,125.05,28172000.0,0.0203918432626949
2025-06-06,125.94,126.0,123.56,124.15,124.15,25570000.0,0.019653644784534817
2025-06-09,123.89,123.89,122.16,122.45,122.45,24031000.0,0.01412821559820338
2025-06-10,122.75,122.75,118.06,120.36,120.36,44544000.0,0.038966434031239595
2025-06-11,120.26,122.83,119.6,121.99,121.99,23823000.0,0.026477580129518848
2025-06-12,122.26,123.0,121.2,121.5,121.5,20846000.0,0.014814814814814791
2025-06-13,120.66,122.06,120.19,121.21,121.21,22103000.0,0.015427769985974792
2025-06-16,121.22,122.63,121.22,122.54,122.54,21128000.0,0.011506446874489934
2025-06-17,122,123.24,121.61,122.07,122.07,18921000.0,0.013352994183665074
2025-06-18,123,124.2,122.05,122.23,122.23,22810000.0,0.017589789740652912
2025-06-20,123.44,124.85,122.43,123.14,123.14,53482000.0,0.019652428130582975
2025-06-23,123.8,125.48,121.5,125.35,125.35,26673000.0,0.03175109692859995
2025-06-24,126.06,128.26,125.5,127.91,127.91,26633000.0,0.021577671800484647
2025-06-25,128.68,129.8,127.38,127.53,127.53,21465000.0,0.018975927232808092
2025-06-26,128,130.73,128.0,130.67,130.67,26059000.0,0.020892324175403612
2025-06-27,130.69,133.13,130.1,132.31,132.31,40709000.0,0.022900763358778633
2025-06-30,133.1,134.12,132.12,133.91,133.91,32829000.0,0.014935404376073482
2025-07-01,133.82,133.88,128.22,129.36,129.36,49936000.0,0.04375386518243658
2025-07-02,129.7,129.99,127.16,128.49,128.49,30488000.0,0.022025060315977993
2025-07-03,129.2,130.23,127.98,129.72,129.72,20062000.0,0.017345050878815802
2025-07-07,129.5,129.5,127.6,128.96,128.96,22737000.0,0.014733250620347438
2025-07-08,129.09,129.32,126.0,127.53,127.53,32925000.0,0.026033090253273685
2025-07-09,127.4,128.83,126.62,128.83,128.83,23845000.0,0.01715438950555001
2025-07-10,128.55,128.96,124.6,125.06,125.06,42308000.0,0.03486326563249651
2025-07-11,125.98,126.1,123.13,124.51,124.51,39572000.0,0.02385350574251063
2025-07-14,124.49,127.05,124.0,126.19,126.19,27810000.0,0.024169902527934047
2025-07-15,126.2,127.12,124.32,126.03,126.03,28017000.0,0.0222169324763946
2025-07-16,126.17,127.1,124.98,125.03,125.03,32270000.0,0.016955930576661525
2025-07-17,125.3,127.75,124.48,127.42,127.42,64699000.0,0.02566316119918377
2025-07-18,124.2,124.65,120.1,120.92,120.92,106933000.0,0.03762818392325514
2025-07-21,120.6,123.71,119.8,123.33,123.33,56276000.0,0.03170355955566364
2025-07-22,123.04,123.24,118.75,119.01,119.01,50630000.0,0.03772792202335934
2025-07-23,118.98,119.26,117.36,117.68,117.68,45043000.0,0.01614547926580562
2025-07-24,117.78,118.35,116.27,118.08,118.08,38456000.0,0.017615176151761502
2025-07-25,117.84,118.73,117.44,118.05,118.05,26293000.0,0.010927573062261806
2025-07-28,118.12,119.78,116.85,117.46,117.46,34470000.0,0.024944662012600094
2025-07-29,117.9,117.96,116.33,116.87,116.87,27525000.0,0.013947120732437712
2025-07-30,116.86,118.49,116.61,118.42,118.42,29227000.0,0.015875696672859277
2025-07-31,118.48,119.0,115.77,115.94,115.94,37129000.0,0.027859237536656926
2025-08-01,116.3,117.85,115.29,115.86,115.86,38910000.0,0.022095632660106924
2025-08-04,116.76,117.7,116.26,117.1,117.1,22447000.0,0.012297181895815523
2025-08-05,117.1,117.17,114.47,114.79,114.79,26607000.0,0.023521212649185493
2025-08-06,115.35,118.14,115.19,117.85,117.85,33622000.0,0.02503182011030974
2025-08-07,118.18,119.12,116.82,118.04,118.04,26283000.0,0.01948492036597773
2025-08-08,118.32,121.41,118.04,121.16,121.16,38167000.0,0.027814460217893616
2025-08-11,121.4,122.31,120.19,121.83,121.83,24556000.0,0.017401296889107812
2025-08-12,122.5,123.2,120.65,122.53,122.53,22788000.0,0.020811229902880903
2025-08-13,123.4,123.71,120.3,120.44,120.44,27624000.0,0.028312852872799707
2025-08-14,120.99,124.41,120.7,123.06,123.06,39047000.0,0.030147895335608594
2025-08-15,123.4,124.69,122.79,123.89,123.89,27678000.0,0.015336185325692078
2025-08-18,123.56,125.12,123.54,124.51,124.51,21111000.0,0.012689743795679049
2025-08-19,124.02,124.1,119.28,121.42,121.42,37077000.0,0.03969691978257283
2025-08-20,121.8,122.3,119.33,121.39,121.39,24344000.0,0.024466595271439153
2025-08-21,121.14,122.14,119.76,120.62,120.62,20472000.0,0.019731387829547302
2025-08-22,120.89,121.36,119.82,120.46,120.46,31281000.0,0.012784326747468091
2025-08-25,120.17,123.38,119.9,121.81,121.81,28120000.0,0.028569082998111728
2025-08-26,122.02,123.15,121.22,122.61,122.61,19857000.0,0.015740967294674228
2025-08-27,122.36,122.92,121.3,122.35,122.35,16645000.0,0.013240702901512094
2025-08-28,122.28,123.79,121.43,123.14,123.14,19503000.0,0.01916517784635374
2025-08-29,122.8,122.88,120.11,120.82,120.82,32098000.0,0.022926667770236685
2025-09-02,119.7,121.54,118.28,121.41,121.41,23033000.0,0.026851165472366406
2025-09-03,120.51,122.7,120.34,122.62,122.62,24715000.0,0.01924645245473821
2025-09-04,122.32,125.75,122.31,125.75,125.75,30235000.0,0.027355864811133182
2025-09-05,126,126.71,123.9,124.38,124.38,23797000.0,0.022592056600739572
2025-09-08,124.85,125.2,123.2,124.48,124.48,19151000.0,0.016066838046272493
2025-09-09,124.67,126.57,124.67,126.32,126.32,22197000.0,0.015041165294490117
2025-09-10,126.4,126.7,124.64,124.77,124.77,27010000.0,0.016510379097539492
2025-09-11,125.1,125.35,119.2,120.35,120.35,56823000.0,0.05110095554632316
2025-09-12,120.31,121.18,118.24,118.84,118.84,37849000.0,0.024739145069000438
2025-09-15,118.84,120.72,117.32,120.23,120.23,29093000.0,0.02827913166431012
2025-09-16,120.56,120.9,119.73,120.05,120.05,24047000.0,0.009745939192003346
2025-09-17,122.1,123.39,120.66,122.85,122.85,34598000.0,0.022222222222222254
2025-09-18,122.08,123.3,120.55,120.78,120.78,31691000.0,0.022768670309653915
2025-09-19,121.86,123.0,120.81,122.7,122.7,49476000.0,0.01784841075794619
2025-09-22,122.19,122.98,121.42,122.74,122.74,25468000.0,0.012709793058497657
2025-09-23,122.73,122.78,120.85,121.85,121.85,24991000.0,0.015839146491588074
2025-09-24,121.86,122.15,119.42,120.39,120.39,27731000.0,0.022676302018440102
2025-09-25,120.31,121.68,119.15,120.82,120.82,19978000.0,0.020940241681840766
2025-09-26,120.54,121.4,120.0,121.06,121.06,19450000.0,0.011564513464397866
2025-09-29,120.5,122.45,118.75,120.64,120.64,30332000.0,0.030669761273209573
2025-09-30,120.64,120.85,117.8,119.89,119.89,38303000.0,0.025439986654433207
2025-10-01,117.55,117.91,116.32,117.09,117.09,41102000.0,0.013579297975915991
2025-10-02,116.15,116.33,113.4,116.25,116.25,46855000.0,0.025204301075268755
2025-10-03,116.5,116.8,114.32,115.33,115.33,31374000.0,0.021503511662186805
2025-10-06,116.04,116.36,114.54,116.33,116.33,29686000.0,0.015645147425427604
2025-10-07,117.78,120.14,117.75,119.11,119.11,33091000.0,0.020065485685500803
2025-10-08,119.71,121.74,119.2,121.43,121.43,28514000.0,0.02091740097175321
2025-10-09,121.43,123.75,121.18,123.11,123.11,28241000.0,0.02087563967183814
2025-10-10,122.9,124.7,121.91,122.01,122.01,42798000.0,0.022866978116547875
2025-10-13,122.14,123.11,120.68,121.9,121.9,24608000.0,0.019934372436423237
2025-10-14,121.47,122.43,120.31,121.54,121.54,23624000.0,0.017442817179529408
2025-10-15,121.3,121.96,120.16,120.33,120.33,20252000.0,0.01495886312640237
2025-10-16,121.21,121.67,117.6,118.36,118.36,28326000.0,0.03438661710037181
2025-10-17,118.36,120.31,117.89,119.94,119.94,29571000.0,0.020176755044188775
2025-10-20,120.79,124.78,120.69,123.86,123.86,39862000.0,0.033021152914581006
2025-10-21,124.28,124.86,123.18,124.14,124.14,65082000.0,0.013533107781536914
2025-10-22,114.29,115.76,111.25,111.64,111.64,147890000.0,0.04039770691508424
2025-10-23,112.69,112.78,109.97,111.36,111.36,68497000.0,0.025233477011494275
2025-10-24,111.1,111.45,109.44,109.47,109.47,60280000.0,0.01836119484790358
2025-10-27,110.07,110.23,108.73,109.46,109.46,46911000.0,0.013703636031427007
2025-10-28,109.4,111.7,109.3,110.25,110.25,40209000.0,0.021768707482993248
2025-10-29,109.98,110.86,109.6,110.04,110.04,33995000.0,0.011450381679389358
2025-10-30,109.44,110.62,108.81,108.9,108.9,41581000.0,0.016620752984389368
2025-10-31,110.54,113.49,110.2,111.89,111.89,68665000.0,0.02940387880954502
2025-11-03,113.32,113.35,107.51,110.01,110.01,58634000.0,0.05308608308335596
2025-11-04,110,110.46,108.67,109.3,109.3,38718000.0,0.016376944190301848
2025-11-05,108.5,110.08,107.34,109.85,109.85,35539000.0,0.024943104233045015
2025-11-06,109.46,110.37,108.51,109.7,109.7,36532000.0,0.016955332725615307
2025-11-07,109.42,110.82,108.75,110.37,110.37,44125000.0,0.01875509649361233
2025-11-10,110.67,112.82,110.4,112.01,112.01,36929000.0,0.02160521382019451
2025-11-11,111.76,113.92,111.28,113.64,113.64,27966000.0,0.02323125659978881
2025-11-12,113.82,116.43,112.83,115.75,115.75,39221000.0,0.031101511879049748
2025-11-13,115.85,116.73,114.57,115.42,115.42,40144000.0,0.01871426095997237
2025-11-14,114.27,114.27,110.72,111.22,111.22,47607000.0,0.03191871965473833
2025-11-17,110.75,111.85,109.55,110.29,110.29,26082700.0,0.02085411188684375
2025-11-18,110.29,115.25,109.2,114.09,114.09,43440600.0,0.05302831098255761
2025-11-19,113,113.34,108.61,110.0,110.0,31868100.0,0.04300000000000004
2025-11-20,111,111.1,105.39,105.67,105.67,36918500.0,0.05403615027917094
2025-11-21,105.13,106.53,103.81,104.31,104.31,41232700.0,0.02607611925989837
2025-11-24,104.25,108.04,103.32,106.97,106.97,62918300.0,0.04412452089370864
2025-11-25,106.12,106.3,103.82,104.4,104.4,35122600.0,0.023754789272030688
2025-11-26,105.74,106.95,105.22,106.14,106.14,27951000.0,0.016299227435462634
2025-11-28,106.44,107.94,106.24,107.58,107.58,15021600.0,0.01580219371630417
2025-12-01,106.51,109.34,106.31,109.13,109.13,24873400.0,0.027765050856776333
2025-12-02,109.21,109.73,107.52,109.35,109.35,25763000.0,0.02021033379058078
2025-12-03,106.59,106.87,102.03,103.96,103.96,53593400.0,0.04655636783378226
2025-12-04,103.57,103.8,101.77,103.22,103.22,51779100.0,0.019666731253633028
2025-12-05,98.78,104.79,97.74,100.24,100.24,133177200.0,0.07033120510774153
